0,1,2,3,4,5
,0000111,"(239, 53) - 0",[] - ,"[(147, 46), (16, 93), (94, 86), (154, 142), (206, 176), (207, 210)] - 000111",B
,0000111,"(147, 46) - 0","[(239, 53), (206, 176)] - 01","[(16, 93), (94, 86), (154, 142), (207, 210)] - 0011",B
,0000111,"(16, 93) - 0",[] - ,"[(239, 53), (147, 46), (94, 86), (154, 142), (206, 176), (207, 210)] - 000111",B
,0000111,"(239, 53) - 0","[(16, 93), (94, 86), (154, 142), (206, 176), (207, 210)] - 00111","[(147, 46)] - 0",I
,0000111,"(239, 53) - 0","[(207, 210)] - 1","[(147, 46), (16, 93), (94, 86), (154, 142), (206, 176)] - 00011",I
,0000111,"(239, 53) - 0","[(94, 86), (154, 142), (206, 176), (207, 210)] - 0111","[(147, 46), (16, 93)] - 00",I
,0000111,"(239, 53) - 0","[(206, 176), (207, 210)] - 11","[(147, 46), (16, 93), (94, 86), (154, 142)] - 0001",I
,0000111,"(239, 53) - 0","[(154, 142), (206, 176), (207, 210)] - 111","[(147, 46), (16, 93), (94, 86)] - 000",I
,0000111,"(147, 46) - 0","[(239, 53), (16, 93), (94, 86), (154, 142), (206, 176), (207, 210)] - 000111",[] - ,I
,0000111,"(147, 46) - 0","[(239, 53)] - 0","[(16, 93), (94, 86), (154, 142), (206, 176), (207, 210)] - 00111",I
,0000111,"(147, 46) - 0","[(239, 53), (94, 86), (154, 142), (206, 176), (207, 210)] - 00111","[(16, 93)] - 0",I
,0000111,"(147, 46) - 0","[(239, 53), (154, 142), (206, 176), (207, 210)] - 0111","[(16, 93), (94, 86)] - 00",I
,0000111,"(147, 46) - 0","[(239, 53), (206, 176), (207, 210)] - 011","[(16, 93), (94, 86), (154, 142)] - 001",I
,0000111,"(16, 93) - 0","[(207, 210)] - 1","[(239, 53), (147, 46), (94, 86), (154, 142), (206, 176)] - 00011",I
,0000111,"(16, 93) - 0","[(94, 86), (154, 142), (206, 176), (207, 210)] - 0111","[(239, 53), (147, 46)] - 00",I
,0000111,"(16, 93) - 0","[(206, 176), (207, 210)] - 11","[(239, 53), (147, 46), (94, 86), (154, 142)] - 0001",I
,0000111,"(16, 93) - 0","[(154, 142), (206, 176), (207, 210)] - 111","[(239, 53), (147, 46), (94, 86)] - 000",I
,0000111,"(94, 86) - 0","[(154, 142), (206, 176), (207, 210)] - 111","[(239, 53), (147, 46), (16, 93)] - 000",I
,0000111,"(154, 142) - 1","[(206, 176), (207, 210)] - 11","[(239, 53), (147, 46), (16, 93), (94, 86)] - 0000",I
,0000111,"(206, 176) - 1","[(207, 210)] - 1","[(239, 53), (147, 46), (16, 93), (94, 86), (154, 142)] - 00001",I
,0000111,"(207, 210) - 1",[] - ,"[(239, 53), (147, 46), (16, 93), (94, 86), (154, 142), (206, 176)] - 000011",I
,0001011,"(239, 53) - 0",[] - ,"[(147, 46), (16, 93), (94, 86), (154, 142), (206, 176), (207, 210)] - 001011",B
,0001011,"(147, 46) - 0","[(239, 53), (206, 176)] - 01","[(16, 93), (94, 86), (154, 142), (207, 210)] - 0101",B
,0001011,"(147, 46) - 0","[(239, 53), (154, 142), (206, 176), (207, 210)] - 0011","[(16, 93), (94, 86)] - 01",B
,0001011,"(16, 93) - 0",[] - ,"[(239, 53), (147, 46), (94, 86), (154, 142), (206, 176), (207, 210)] - 001011",B
,0001011,"(239, 53) - 0","[(16, 93), (94, 86), (154, 142), (206, 176), (207, 210)] - 01011","[(147, 46)] - 0",I
,0001011,"(239, 53) - 0","[(207, 210)] - 1","[(147, 46), (16, 93), (94, 86), (154, 142), (206, 176)] - 00101",I
,0001011,"(239, 53) - 0","[(94, 86), (154, 142), (206, 176), (207, 210)] - 1011","[(147, 46), (16, 93)] - 00",I
,0001011,"(239, 53) - 0","[(206, 176), (207, 210)] - 11","[(147, 46), (16, 93), (94, 86), (154, 142)] - 0010",I
,0001011,"(239, 53) - 0","[(154, 142), (206, 176), (207, 210)] - 011","[(147, 46), (16, 93), (94, 86)] - 001",I
,0001011,"(147, 46) - 0","[(239, 53), (16, 93), (94, 86), (154, 142), (206, 176), (207, 210)] - 001011",[] - ,I
,0001011,"(147, 46) - 0","[(239, 53)] - 0","[(16, 93), (94, 86), (154, 142), (206, 176), (207, 210)] - 01011",I
,0001011,"(147, 46) - 0","[(239, 53), (94, 86), (154, 142), (206, 176), (207, 210)] - 01011","[(16, 93)] - 0",I
,0001011,"(147, 46) - 0","[(239, 53), (206, 176), (207, 210)] - 011","[(16, 93), (94, 86), (154, 142)] - 010",I
,0001011,"(16, 93) - 0","[(207, 210)] - 1","[(239, 53), (147, 46), (94, 86), (154, 142), (206, 176)] - 00101",I
,0001011,"(16, 93) - 0","[(94, 86), (154, 142), (206, 176), (207, 210)] - 1011","[(239, 53), (147, 46)] - 00",I
,0001011,"(16, 93) - 0","[(206, 176), (207, 210)] - 11","[(239, 53), (147, 46), (94, 86), (154, 142)] - 0010",I
,0001011,"(16, 93) - 0","[(154, 142), (206, 176), (207, 210)] - 011","[(239, 53), (147, 46), (94, 86)] - 001",I
,0001011,"(94, 86) - 1","[(154, 142), (206, 176), (207, 210)] - 011","[(239, 53), (147, 46), (16, 93)] - 000",I
,0001011,"(154, 142) - 0","[(206, 176), (207, 210)] - 11","[(239, 53), (147, 46), (16, 93), (94, 86)] - 0001",I
,0001011,"(206, 176) - 1","[(207, 210)] - 1","[(239, 53), (147, 46), (16, 93), (94, 86), (154, 142)] - 00010",I
,0001011,"(207, 210) - 1",[] - ,"[(239, 53), (147, 46), (16, 93), (94, 86), (154, 142), (206, 176)] - 000101",I
,0001101,"(239, 53) - 0",[] - ,"[(147, 46), (16, 93), (94, 86), (154, 142), (206, 176), (207, 210)] - 001101",B
,0001101,"(239, 53) - 0","[(206, 176), (207, 210)] - 01","[(147, 46), (16, 93), (94, 86), (154, 142)] - 0011",B
,0001101,"(147, 46) - 0","[(239, 53), (154, 142), (206, 176), (207, 210)] - 0101","[(16, 93), (94, 86)] - 01",B
,0001101,"(16, 93) - 0",[] - ,"[(239, 53), (147, 46), (94, 86), (154, 142), (206, 176), (207, 210)] - 001101",B
,0001101,"(16, 93) - 0","[(206, 176), (207, 210)] - 01","[(239, 53), (147, 46), (94, 86), (154, 142)] - 0011",B
,0001101,"(239, 53) - 0","[(16, 93), (94, 86), (154, 142), (206, 176), (207, 210)] - 01101","[(147, 46)] - 0",I
,0001101,"(239, 53) - 0","[(207, 210)] - 1","[(147, 46), (16, 93), (94, 86), (154, 142), (206, 176)] - 00110",I
,0001101,"(239, 53) - 0","[(94, 86), (154, 142), (206, 176), (207, 210)] - 1101","[(147, 46), (16, 93)] - 00",I
,0001101,"(239, 53) - 0","[(154, 142), (206, 176), (207, 210)] - 101","[(147, 46), (16, 93), (94, 86)] - 001",I
,0001101,"(147, 46) - 0","[(239, 53), (16, 93), (94, 86), (154, 142), (206, 176), (207, 210)] - 001101",[] - ,I
,0001101,"(147, 46) - 0","[(239, 53)] - 0","[(16, 93), (94, 86), (154, 142), (206, 176), (207, 210)] - 01101",I
,0001101,"(147, 46) - 0","[(239, 53), (94, 86), (154, 142), (206, 176), (207, 210)] - 01101","[(16, 93)] - 0",I
,0001101,"(147, 46) - 0","[(239, 53), (206, 176)] - 00","[(16, 93), (94, 86), (154, 142), (207, 210)] - 0111",I
,0001101,"(147, 46) - 0","[(239, 53), (206, 176), (207, 210)] - 001","[(16, 93), (94, 86), (154, 142)] - 011",I
,0001101,"(16, 93) - 0","[(207, 210)] - 1","[(239, 53), (147, 46), (94, 86), (154, 142), (206, 176)] - 00110",I
,0001101,"(16, 93) - 0","[(94, 86), (154, 142), (206, 176), (207, 210)] - 1101","[(239, 53), (147, 46)] - 00",I
,0001101,"(16, 93) - 0","[(154, 142), (206, 176), (207, 210)] - 101","[(239, 53), (147, 46), (94, 86)] - 001",I
,0001101,"(94, 86) - 1","[(154, 142), (206, 176), (207, 210)] - 101","[(239, 53), (147, 46), (16, 93)] - 000",I
,0001101,"(154, 142) - 1","[(206, 176), (207, 210)] - 01","[(239, 53), (147, 46), (16, 93), (94, 86)] - 0001",I
,0001101,"(206, 176) - 0","[(207, 210)] - 1","[(239, 53), (147, 46), (16, 93), (94, 86), (154, 142)] - 00011",I
,0001101,"(207, 210) - 1",[] - ,"[(239, 53), (147, 46), (16, 93), (94, 86), (154, 142), (206, 176)] - 000110",I
,0001110,"(239, 53) - 0",[] - ,"[(147, 46), (16, 93), (94, 86), (154, 142), (206, 176), (207, 210)] - 001110",B
,0001110,"(239, 53) - 0","[(206, 176), (207, 210)] - 10","[(147, 46), (16, 93), (94, 86), (154, 142)] - 0011",B
,0001110,"(147, 46) - 0","[(239, 53), (206, 176)] - 01","[(16, 93), (94, 86), (154, 142), (207, 210)] - 0110",B
,0001110,"(147, 46) - 0","[(239, 53), (154, 142), (206, 176), (207, 210)] - 0110","[(16, 93), (94, 86)] - 01",B
,0001110,"(16, 93) - 0",[] - ,"[(239, 53), (147, 46), (94, 86), (154, 142), (206, 176), (207, 210)] - 001110",B
,0001110,"(16, 93) - 0","[(206, 176), (207, 210)] - 10","[(239, 53), (147, 46), (94, 86), (154, 142)] - 0011",B
,0001110,"(206, 176) - 1","[(207, 210)] - 0","[(239, 53), (147, 46), (16, 93), (94, 86), (154, 142)] - 00011",B
,0001110,"(207, 210) - 0",[] - ,"[(239, 53), (147, 46), (16, 93), (94, 86), (154, 142), (206, 176)] - 000111",B
,0001110,"(239, 53) - 0","[(16, 93), (94, 86), (154, 142), (206, 176), (207, 210)] - 01110","[(147, 46)] - 0",I
,0001110,"(239, 53) - 0","[(207, 210)] - 0","[(147, 46), (16, 93), (94, 86), (154, 142), (206, 176)] - 00111",I
,0001110,"(239, 53) - 0","[(94, 86), (154, 142), (206, 176), (207, 210)] - 1110","[(147, 46), (16, 93)] - 00",I
,0001110,"(239, 53) - 0","[(154, 142), (206, 176), (207, 210)] - 110","[(147, 46), (16, 93), (94, 86)] - 001",I
,0001110,"(147, 46) - 0","[(239, 53), (16, 93), (94, 86), (154, 142), (206, 176), (207, 210)] - 001110",[] - ,I
,0001110,"(147, 46) - 0","[(239, 53)] - 0","[(16, 93), (94, 86), (154, 142), (206, 176), (207, 210)] - 01110",I
,0001110,"(147, 46) - 0","[(239, 53), (94, 86), (154, 142), (206, 176), (207, 210)] - 01110","[(16, 93)] - 0",I
,0001110,"(147, 46) - 0","[(239, 53), (206, 176), (207, 210)] - 010","[(16, 93), (94, 86), (154, 142)] - 011",I
,0001110,"(16, 93) - 0","[(207, 210)] - 0","[(239, 53), (147, 46), (94, 86), (154, 142), (206, 176)] - 00111",I
,0001110,"(16, 93) - 0","[(94, 86), (154, 142), (206, 176), (207, 210)] - 1110","[(239, 53), (147, 46)] - 00",I
,0001110,"(16, 93) - 0","[(154, 142), (206, 176), (207, 210)] - 110","[(239, 53), (147, 46), (94, 86)] - 001",I
,0001110,"(94, 86) - 1","[(154, 142), (206, 176), (207, 210)] - 110","[(239, 53), (147, 46), (16, 93)] - 000",I
,0001110,"(154, 142) - 1","[(206, 176), (207, 210)] - 10","[(239, 53), (147, 46), (16, 93), (94, 86)] - 0001",I
,0010011,"(239, 53) - 0",[] - ,"[(147, 46), (16, 93), (94, 86), (154, 142), (206, 176), (207, 210)] - 010011",B
,0010011,"(239, 53) - 0","[(94, 86), (154, 142), (206, 176), (207, 210)] - 0011","[(147, 46), (16, 93)] - 01",B
,0010011,"(147, 46) - 0","[(239, 53), (206, 176)] - 01","[(16, 93), (94, 86), (154, 142), (207, 210)] - 1001",B
,0010011,"(147, 46) - 0","[(239, 53), (154, 142), (206, 176), (207, 210)] - 0011","[(16, 93), (94, 86)] - 10",B
,0010011,"(239, 53) - 0","[(16, 93), (94, 86), (154, 142), (206, 176), (207, 210)] - 10011","[(147, 46)] - 0",I
,0010011,"(239, 53) - 0","[(207, 210)] - 1","[(147, 46), (16, 93), (94, 86), (154, 142), (206, 176)] - 01001",I
,0010011,"(239, 53) - 0","[(206, 176), (207, 210)] - 11","[(147, 46), (16, 93), (94, 86), (154, 142)] - 0100",I
,0010011,"(239, 53) - 0","[(154, 142), (206, 176), (207, 210)] - 011","[(147, 46), (16, 93), (94, 86)] - 010",I
,0010011,"(147, 46) - 0","[(239, 53), (16, 93), (94, 86), (154, 142), (206, 176), (207, 210)] - 010011",[] - ,I
,0010011,"(147, 46) - 0","[(239, 53)] - 0","[(16, 93), (94, 86), (154, 142), (206, 176), (207, 210)] - 10011",I
,0010011,"(147, 46) - 0","[(239, 53), (94, 86), (154, 142), (206, 176), (207, 210)] - 00011","[(16, 93)] - 1",I
,0010011,"(147, 46) - 0","[(239, 53), (206, 176), (207, 210)] - 011","[(16, 93), (94, 86), (154, 142)] - 100",I
,0010011,"(16, 93) - 1",[] - ,"[(239, 53), (147, 46), (94, 86), (154, 142), (206, 176), (207, 210)] - 000011",I
,0010011,"(16, 93) - 1","[(207, 210)] - 1","[(239, 53), (147, 46), (94, 86), (154, 142), (206, 176)] - 00001",I
,0010011,"(16, 93) - 1","[(94, 86), (154, 142), (206, 176), (207, 210)] - 0011","[(239, 53), (147, 46)] - 00",I
,0010011,"(16, 93) - 1","[(206, 176), (207, 210)] - 11","[(239, 53), (147, 46), (94, 86), (154, 142)] - 0000",I
,0010011,"(16, 93) - 1","[(154, 142), (206, 176), (207, 210)] - 011","[(239, 53), (147, 46), (94, 86)] - 000",I
,0010011,"(94, 86) - 0","[(154, 142), (206, 176), (207, 210)] - 011","[(239, 53), (147, 46), (16, 93)] - 001",I
,0010011,"(154, 142) - 0","[(206, 176), (207, 210)] - 11","[(239, 53), (147, 46), (16, 93), (94, 86)] - 0010",I
,0010011,"(206, 176) - 1","[(207, 210)] - 1","[(239, 53), (147, 46), (16, 93), (94, 86), (154, 142)] - 00100",I
,0010011,"(207, 210) - 1",[] - ,"[(239, 53), (147, 46), (16, 93), (94, 86), (154, 142), (206, 176)] - 001001",I
,0010101,"(239, 53) - 0",[] - ,"[(147, 46), (16, 93), (94, 86), (154, 142), (206, 176), (207, 210)] - 010101",B
,0010101,"(239, 53) - 0","[(94, 86), (154, 142), (206, 176), (207, 210)] - 0101","[(147, 46), (16, 93)] - 01",B
,0010101,"(239, 53) - 0","[(206, 176), (207, 210)] - 01","[(147, 46), (16, 93), (94, 86), (154, 142)] - 0101",B
,0010101,"(147, 46) - 0","[(239, 53), (154, 142), (206, 176), (207, 210)] - 0101","[(16, 93), (94, 86)] - 10",B
,0010101,"(239, 53) - 0","[(16, 93), (94, 86), (154, 142), (206, 176), (207, 210)] - 10101","[(147, 46)] - 0",I
,0010101,"(239, 53) - 0","[(207, 210)] - 1","[(147, 46), (16, 93), (94, 86), (154, 142), (206, 176)] - 01010",I
,0010101,"(239, 53) - 0","[(154, 142), (206, 176), (207, 210)] - 101","[(147, 46), (16, 93), (94, 86)] - 010",I
,0010101,"(147, 46) - 0","[(239, 53), (16, 93), (94, 86), (154, 142), (206, 176), (207, 210)] - 010101",[] - ,I
,0010101,"(147, 46) - 0","[(239, 53)] - 0","[(16, 93), (94, 86), (154, 142), (206, 176), (207, 210)] - 10101",I
,0010101,"(147, 46) - 0","[(239, 53), (94, 86), (154, 142), (206, 176), (207, 210)] - 00101","[(16, 93)] - 1",I
,0010101,"(147, 46) - 0","[(239, 53), (206, 176)] - 00","[(16, 93), (94, 86), (154, 142), (207, 210)] - 1011",I
,0010101,"(147, 46) - 0","[(239, 53), (206, 176), (207, 210)] - 001","[(16, 93), (94, 86), (154, 142)] - 101",I
,0010101,"(16, 93) - 1",[] - ,"[(239, 53), (147, 46), (94, 86), (154, 142), (206, 176), (207, 210)] - 000101",I
,0010101,"(16, 93) - 1","[(207, 210)] - 1","[(239, 53), (147, 46), (94, 86), (154, 142), (206, 176)] - 00010",I
,0010101,"(16, 93) - 1","[(94, 86), (154, 142), (206, 176), (207, 210)] - 0101","[(239, 53), (147, 46)] - 00",I
,0010101,"(16, 93) - 1","[(206, 176), (207, 210)] - 01","[(239, 53), (147, 46), (94, 86), (154, 142)] - 0001",I
,0010101,"(16, 93) - 1","[(154, 142), (206, 176), (207, 210)] - 101","[(239, 53), (147, 46), (94, 86)] - 000",I
,0010101,"(94, 86) - 0","[(154, 142), (206, 176), (207, 210)] - 101","[(239, 53), (147, 46), (16, 93)] - 001",I
,0010101,"(154, 142) - 1","[(206, 176), (207, 210)] - 01","[(239, 53), (147, 46), (16, 93), (94, 86)] - 0010",I
,0010101,"(206, 176) - 0","[(207, 210)] - 1","[(239, 53), (147, 46), (16, 93), (94, 86), (154, 142)] - 00101",I
,0010101,"(207, 210) - 1",[] - ,"[(239, 53), (147, 46), (16, 93), (94, 86), (154, 142), (206, 176)] - 001010",I
,0010110,"(239, 53) - 0",[] - ,"[(147, 46), (16, 93), (94, 86), (154, 142), (206, 176), (207, 210)] - 010110",B
,0010110,"(239, 53) - 0","[(94, 86), (154, 142), (206, 176), (207, 210)] - 0110","[(147, 46), (16, 93)] - 01",B
,0010110,"(239, 53) - 0","[(206, 176), (207, 210)] - 10","[(147, 46), (16, 93), (94, 86), (154, 142)] - 0101",B
,0010110,"(147, 46) - 0","[(239, 53), (206, 176)] - 01","[(16, 93), (94, 86), (154, 142), (207, 210)] - 1010",B
,0010110,"(147, 46) - 0","[(239, 53), (154, 142), (206, 176), (207, 210)] - 0110","[(16, 93), (94, 86)] - 10",B
,0010110,"(16, 93) - 1","[(207, 210)] - 0","[(239, 53), (147, 46), (94, 86), (154, 142), (206, 176)] - 00011",B
,0010110,"(206, 176) - 1","[(207, 210)] - 0","[(239, 53), (147, 46), (16, 93), (94, 86), (154, 142)] - 00101",B
,0010110,"(207, 210) - 0",[] - ,"[(239, 53), (147, 46), (16, 93), (94, 86), (154, 142), (206, 176)] - 001011",B
,0010110,"(239, 53) - 0","[(16, 93), (94, 86), (154, 142), (206, 176), (207, 210)] - 10110","[(147, 46)] - 0",I
,0010110,"(239, 53) - 0","[(207, 210)] - 0","[(147, 46), (16, 93), (94, 86), (154, 142), (206, 176)] - 01011",I
,0010110,"(239, 53) - 0","[(154, 142), (206, 176), (207, 210)] - 110","[(147, 46), (16, 93), (94, 86)] - 010",I
,0010110,"(147, 46) - 0","[(239, 53), (16, 93), (94, 86), (154, 142), (206, 176), (207, 210)] - 010110",[] - ,I
,0010110,"(147, 46) - 0","[(239, 53)] - 0","[(16, 93), (94, 86), (154, 142), (206, 176), (207, 210)] - 10110",I
,0010110,"(147, 46) - 0","[(239, 53), (94, 86), (154, 142), (206, 176), (207, 210)] - 00110","[(16, 93)] - 1",I
,0010110,"(147, 46) - 0","[(239, 53), (206, 176), (207, 210)] - 010","[(16, 93), (94, 86), (154, 142)] - 101",I
,0010110,"(16, 93) - 1",[] - ,"[(239, 53), (147, 46), (94, 86), (154, 142), (206, 176), (207, 210)] - 000110",I
,0010110,"(16, 93) - 1","[(94, 86), (154, 142), (206, 176), (207, 210)] - 0110","[(239, 53), (147, 46)] - 00",I
,0010110,"(16, 93) - 1","[(206, 176), (207, 210)] - 10","[(239, 53), (147, 46), (94, 86), (154, 142)] - 0001",I
,0010110,"(16, 93) - 1","[(154, 142), (206, 176), (207, 210)] - 110","[(239, 53), (147, 46), (94, 86)] - 000",I
,0010110,"(94, 86) - 0","[(154, 142), (206, 176), (207, 210)] - 110","[(239, 53), (147, 46), (16, 93)] - 001",I
,0010110,"(154, 142) - 1","[(206, 176), (207, 210)] - 10","[(239, 53), (147, 46), (16, 93), (94, 86)] - 0010",I
,0011001,"(239, 53) - 0",[] - ,"[(147, 46), (16, 93), (94, 86), (154, 142), (206, 176), (207, 210)] - 011001",B
,0011001,"(239, 53) - 0","[(94, 86), (154, 142), (206, 176), (207, 210)] - 1001","[(147, 46), (16, 93)] - 01",B
,0011001,"(239, 53) - 0","[(206, 176), (207, 210)] - 01","[(147, 46), (16, 93), (94, 86), (154, 142)] - 0110",B
,0011001,"(16, 93) - 1","[(154, 142), (206, 176), (207, 210)] - 001","[(239, 53), (147, 46), (94, 86)] - 001",B
,0011001,"(94, 86) - 1","[(154, 142), (206, 176), (207, 210)] - 001","[(239, 53), (147, 46), (16, 93)] - 001",B
,0011001,"(154, 142) - 0","[(206, 176), (207, 210)] - 01","[(239, 53), (147, 46), (16, 93), (94, 86)] - 0011",B
,0011001,"(239, 53) - 0","[(16, 93), (94, 86), (154, 142), (206, 176), (207, 210)] - 11001","[(147, 46)] - 0",I
,0011001,"(239, 53) - 0","[(207, 210)] - 1","[(147, 46), (16, 93), (94, 86), (154, 142), (206, 176)] - 01100",I
,0011001,"(239, 53) - 0","[(154, 142), (206, 176), (207, 210)] - 001","[(147, 46), (16, 93), (94, 86)] - 011",I
,0011001,"(147, 46) - 0","[(239, 53), (16, 93), (94, 86), (154, 142), (206, 176), (207, 210)] - 011001",[] - ,I
,0011001,"(147, 46) - 0","[(239, 53)] - 0","[(16, 93), (94, 86), (154, 142), (206, 176), (207, 210)] - 11001",I
,0011001,"(147, 46) - 0","[(239, 53), (94, 86), (154, 142), (206, 176), (207, 210)] - 01001","[(16, 93)] - 1",I
,0011001,"(147, 46) - 0","[(239, 53), (206, 176)] - 00","[(16, 93), (94, 86), (154, 142), (207, 210)] - 1101",I
,0011001,"(147, 46) - 0","[(239, 53), (154, 142), (206, 176), (207, 210)] - 0001","[(16, 93), (94, 86)] - 11",I
,0011001,"(147, 46) - 0","[(239, 53), (206, 176), (207, 210)] - 001","[(16, 93), (94, 86), (154, 142)] - 110",I
,0011001,"(16, 93) - 1",[] - ,"[(239, 53), (147, 46), (94, 86), (154, 142), (206, 176), (207, 210)] - 001001",I
,0011001,"(16, 93) - 1","[(207, 210)] - 1","[(239, 53), (147, 46), (94, 86), (154, 142), (206, 176)] - 00100",I
,0011001,"(16, 93) - 1","[(94, 86), (154, 142), (206, 176), (207, 210)] - 1001","[(239, 53), (147, 46)] - 00",I
,0011001,"(16, 93) - 1","[(206, 176), (207, 210)] - 01","[(239, 53), (147, 46), (94, 86), (154, 142)] - 0010",I
,0011001,"(206, 176) - 0","[(207, 210)] - 1","[(239, 53), (147, 46), (16, 93), (94, 86), (154, 142)] - 00110",I
,0011001,"(207, 210) - 1",[] - ,"[(239, 53), (147, 46), (16, 93), (94, 86), (154, 142), (206, 176)] - 001100",I
,0011010,"(239, 53) - 0",[] - ,"[(147, 46), (16, 93), (94, 86), (154, 142), (206, 176), (207, 210)] - 011010",B
,0011010,"(239, 53) - 0","[(94, 86), (154, 142), (206, 176), (207, 210)] - 1010","[(147, 46), (16, 93)] - 01",B
,0011010,"(239, 53) - 0","[(206, 176), (207, 210)] - 10","[(147, 46), (16, 93), (94, 86), (154, 142)] - 0110",B
,0011010,"(147, 46) - 0","[(239, 53), (206, 176)] - 01","[(16, 93), (94, 86), (154, 142), (207, 210)] - 1100",B
,0011010,"(16, 93) - 1","[(207, 210)] - 0","[(239, 53), (147, 46), (94, 86), (154, 142), (206, 176)] - 00101",B
,0011010,"(16, 93) - 1","[(154, 142), (206, 176), (207, 210)] - 010","[(239, 53), (147, 46), (94, 86)] - 001",B
,0011010,"(94, 86) - 1","[(154, 142), (206, 176), (207, 210)] - 010","[(239, 53), (147, 46), (16, 93)] - 001",B
,0011010,"(154, 142) - 0","[(206, 176), (207, 210)] - 10","[(239, 53), (147, 46), (16, 93), (94, 86)] - 0011",B
,0011010,"(206, 176) - 1","[(207, 210)] - 0","[(239, 53), (147, 46), (16, 93), (94, 86), (154, 142)] - 00110",B
,0011010,"(207, 210) - 0",[] - ,"[(239, 53), (147, 46), (16, 93), (94, 86), (154, 142), (206, 176)] - 001101",B
,0011010,"(239, 53) - 0","[(16, 93), (94, 86), (154, 142), (206, 176), (207, 210)] - 11010","[(147, 46)] - 0",I
,0011010,"(239, 53) - 0","[(207, 210)] - 0","[(147, 46), (16, 93), (94, 86), (154, 142), (206, 176)] - 01101",I
,0011010,"(239, 53) - 0","[(154, 142), (206, 176), (207, 210)] - 010","[(147, 46), (16, 93), (94, 86)] - 011",I
,0011010,"(147, 46) - 0","[(239, 53), (16, 93), (94, 86), (154, 142), (206, 176), (207, 210)] - 011010",[] - ,I
,0011010,"(147, 46) - 0","[(239, 53)] - 0","[(16, 93), (94, 86), (154, 142), (206, 176), (207, 210)] - 11010",I
,0011010,"(147, 46) - 0","[(239, 53), (94, 86), (154, 142), (206, 176), (207, 210)] - 01010","[(16, 93)] - 1",I
,0011010,"(147, 46) - 0","[(239, 53), (154, 142), (206, 176), (207, 210)] - 0010","[(16, 93), (94, 86)] - 11",I
,0011010,"(147, 46) - 0","[(239, 53), (206, 176), (207, 210)] - 010","[(16, 93), (94, 86), (154, 142)] - 110",I
,0011010,"(16, 93) - 1",[] - ,"[(239, 53), (147, 46), (94, 86), (154, 142), (206, 176), (207, 210)] - 001010",I
,0011010,"(16, 93) - 1","[(94, 86), (154, 142), (206, 176), (207, 210)] - 1010","[(239, 53), (147, 46)] - 00",I
,0011010,"(16, 93) - 1","[(206, 176), (207, 210)] - 10","[(239, 53), (147, 46), (94, 86), (154, 142)] - 0010",I
,0011100,"(239, 53) - 0",[] - ,"[(147, 46), (16, 93), (94, 86), (154, 142), (206, 176), (207, 210)] - 011100",B
,0011100,"(239, 53) - 0","[(94, 86), (154, 142), (206, 176), (207, 210)] - 1100","[(147, 46), (16, 93)] - 01",B
,0011100,"(16, 93) - 1","[(207, 210)] - 0","[(239, 53), (147, 46), (94, 86), (154, 142), (206, 176)] - 00110",B
,0011100,"(16, 93) - 1","[(154, 142), (206, 176), (207, 210)] - 100","[(239, 53), (147, 46), (94, 86)] - 001",B
,0011100,"(94, 86) - 1","[(154, 142), (206, 176), (207, 210)] - 100","[(239, 53), (147, 46), (16, 93)] - 001",B
,0011100,"(207, 210) - 0",[] - ,"[(239, 53), (147, 46), (16, 93), (94, 86), (154, 142), (206, 176)] - 001110",B
,0011100,"(239, 53) - 0","[(16, 93), (94, 86), (154, 142), (206, 176), (207, 210)] - 11100","[(147, 46)] - 0",I
,0011100,"(239, 53) - 0","[(207, 210)] - 0","[(147, 46), (16, 93), (94, 86), (154, 142), (206, 176)] - 01110",I
,0011100,"(239, 53) - 0","[(206, 176), (207, 210)] - 00","[(147, 46), (16, 93), (94, 86), (154, 142)] - 0111",I
,0011100,"(239, 53) - 0","[(154, 142), (206, 176), (207, 210)] - 100","[(147, 46), (16, 93), (94, 86)] - 011",I
,0011100,"(147, 46) - 0","[(239, 53), (16, 93), (94, 86), (154, 142), (206, 176), (207, 210)] - 011100",[] - ,I
,0011100,"(147, 46) - 0","[(239, 53)] - 0","[(16, 93), (94, 86), (154, 142), (206, 176), (207, 210)] - 11100",I
,0011100,"(147, 46) - 0","[(239, 53), (94, 86), (154, 142), (206, 176), (207, 210)] - 01100","[(16, 93)] - 1",I
,0011100,"(147, 46) - 0","[(239, 53), (206, 176)] - 00","[(16, 93), (94, 86), (154, 142), (207, 210)] - 1110",I
,0011100,"(147, 46) - 0","[(239, 53), (154, 142), (206, 176), (207, 210)] - 0100","[(16, 93), (94, 86)] - 11",I
,0011100,"(147, 46) - 0","[(239, 53), (206, 176), (207, 210)] - 000","[(16, 93), (94, 86), (154, 142)] - 111",I
,0011100,"(16, 93) - 1",[] - ,"[(239, 53), (147, 46), (94, 86), (154, 142), (206, 176), (207, 210)] - 001100",I
,0011100,"(16, 93) - 1","[(94, 86), (154, 142), (206, 176), (207, 210)] - 1100","[(239, 53), (147, 46)] - 00",I
,0011100,"(16, 93) - 1","[(206, 176), (207, 210)] - 00","[(239, 53), (147, 46), (94, 86), (154, 142)] - 0011",I
,0011100,"(154, 142) - 1","[(206, 176), (207, 210)] - 00","[(239, 53), (147, 46), (16, 93), (94, 86)] - 0011",I
,0011100,"(206, 176) - 0","[(207, 210)] - 0","[(239, 53), (147, 46), (16, 93), (94, 86), (154, 142)] - 00111",I
,0100011,"(239, 53) - 0",[] - ,"[(147, 46), (16, 93), (94, 86), (154, 142), (206, 176), (207, 210)] - 100011",B
,0100011,"(239, 53) - 0","[(94, 86), (154, 142), (206, 176), (207, 210)] - 0011","[(147, 46), (16, 93)] - 10",B
,0100011,"(147, 46) - 1","[(239, 53)] - 0","[(16, 93), (94, 86), (154, 142), (206, 176), (207, 210)] - 00011",B
,0100011,"(147, 46) - 1","[(239, 53), (94, 86), (154, 142), (206, 176), (207, 210)] - 00011","[(16, 93)] - 0",B
,0100011,"(16, 93) - 0",[] - ,"[(239, 53), (147, 46), (94, 86), (154, 142), (206, 176), (207, 210)] - 010011",B
,0100011,"(16, 93) - 0","[(94, 86), (154, 142), (206, 176), (207, 210)] - 0011","[(239, 53), (147, 46)] - 01",B
,0100011,"(239, 53) - 0","[(16, 93), (94, 86), (154, 142), (206, 176), (207, 210)] - 00011","[(147, 46)] - 1",I
,0100011,"(239, 53) - 0","[(207, 210)] - 1","[(147, 46), (16, 93), (94, 86), (154, 142), (206, 176)] - 10001",I
,0100011,"(239, 53) - 0","[(206, 176), (207, 210)] - 11","[(147, 46), (16, 93), (94, 86), (154, 142)] - 1000",I
,0100011,"(239, 53) - 0","[(154, 142), (206, 176), (207, 210)] - 011","[(147, 46), (16, 93), (94, 86)] - 100",I
,0100011,"(147, 46) - 1","[(239, 53), (16, 93), (94, 86), (154, 142), (206, 176), (207, 210)] - 000011",[] - ,I
,0100011,"(147, 46) - 1","[(239, 53), (206, 176)] - 01","[(16, 93), (94, 86), (154, 142), (207, 210)] - 0001",I
,0100011,"(147, 46) - 1","[(239, 53), (154, 142), (206, 176), (207, 210)] - 0011","[(16, 93), (94, 86)] - 00",I
,0100011,"(147, 46) - 1","[(239, 53), (206, 176), (207, 210)] - 011","[(16, 93), (94, 86), (154, 142)] - 000",I
,0100011,"(16, 93) - 0","[(207, 210)] - 1","[(239, 53), (147, 46), (94, 86), (154, 142), (206, 176)] - 01001",I
,0100011,"(16, 93) - 0","[(206, 176), (207, 210)] - 11","[(239, 53), (147, 46), (94, 86), (154, 142)] - 0100",I
,0100011,"(16, 93) - 0","[(154, 142), (206, 176), (207, 210)] - 011","[(239, 53), (147, 46), (94, 86)] - 010",I
,0100011,"(94, 86) - 0","[(154, 142), (206, 176), (207, 210)] - 011","[(239, 53), (147, 46), (16, 93)] - 010",I
,0100011,"(154, 142) - 0","[(206, 176), (207, 210)] - 11","[(239, 53), (147, 46), (16, 93), (94, 86)] - 0100",I
,0100011,"(206, 176) - 1","[(207, 210)] - 1","[(239, 53), (147, 46), (16, 93), (94, 86), (154, 142)] - 01000",I
,0100011,"(207, 210) - 1",[] - ,"[(239, 53), (147, 46), (16, 93), (94, 86), (154, 142), (206, 176)] - 010001",I
,0100101,"(239, 53) - 0",[] - ,"[(147, 46), (16, 93), (94, 86), (154, 142), (206, 176), (207, 210)] - 100101",B
,0100101,"(239, 53) - 0","[(94, 86), (154, 142), (206, 176), (207, 210)] - 0101","[(147, 46), (16, 93)] - 10",B
,0100101,"(239, 53) - 0","[(206, 176), (207, 210)] - 01","[(147, 46), (16, 93), (94, 86), (154, 142)] - 1001",B
,0100101,"(147, 46) - 1","[(239, 53)] - 0","[(16, 93), (94, 86), (154, 142), (206, 176), (207, 210)] - 00101",B
,0100101,"(147, 46) - 1","[(239, 53), (94, 86), (154, 142), (206, 176), (207, 210)] - 00101","[(16, 93)] - 0",B
,0100101,"(147, 46) - 1","[(239, 53), (206, 176), (207, 210)] - 001","[(16, 93), (94, 86), (154, 142)] - 001",B
,0100101,"(16, 93) - 0",[] - ,"[(239, 53), (147, 46), (94, 86), (154, 142), (206, 176), (207, 210)] - 010101",B
,0100101,"(16, 93) - 0","[(94, 86), (154, 142), (206, 176), (207, 210)] - 0101","[(239, 53), (147, 46)] - 01",B
,0100101,"(16, 93) - 0","[(206, 176), (207, 210)] - 01","[(239, 53), (147, 46), (94, 86), (154, 142)] - 0101",B
,0100101,"(239, 53) - 0","[(16, 93), (94, 86), (154, 142), (206, 176), (207, 210)] - 00101","[(147, 46)] - 1",I
,0100101,"(239, 53) - 0","[(207, 210)] - 1","[(147, 46), (16, 93), (94, 86), (154, 142), (206, 176)] - 10010",I
,0100101,"(239, 53) - 0","[(154, 142), (206, 176), (207, 210)] - 101","[(147, 46), (16, 93), (94, 86)] - 100",I
,0100101,"(147, 46) - 1","[(239, 53), (16, 93), (94, 86), (154, 142), (206, 176), (207, 210)] - 000101",[] - ,I
,0100101,"(147, 46) - 1","[(239, 53), (206, 176)] - 00","[(16, 93), (94, 86), (154, 142), (207, 210)] - 0011",I
,0100101,"(147, 46) - 1","[(239, 53), (154, 142), (206, 176), (207, 210)] - 0101","[(16, 93), (94, 86)] - 00",I
,0100101,"(16, 93) - 0","[(207, 210)] - 1","[(239, 53), (147, 46), (94, 86), (154, 142), (206, 176)] - 01010",I
,0100101,"(16, 93) - 0","[(154, 142), (206, 176), (207, 210)] - 101","[(239, 53), (147, 46), (94, 86)] - 010",I
,0100101,"(94, 86) - 0","[(154, 142), (206, 176), (207, 210)] - 101","[(239, 53), (147, 46), (16, 93)] - 010",I
,0100101,"(154, 142) - 1","[(206, 176), (207, 210)] - 01","[(239, 53), (147, 46), (16, 93), (94, 86)] - 0100",I
,0100101,"(206, 176) - 0","[(207, 210)] - 1","[(239, 53), (147, 46), (16, 93), (94, 86), (154, 142)] - 01001",I
,0100101,"(207, 210) - 1",[] - ,"[(239, 53), (147, 46), (16, 93), (94, 86), (154, 142), (206, 176)] - 010010",I
,0100110,"(239, 53) - 0",[] - ,"[(147, 46), (16, 93), (94, 86), (154, 142), (206, 176), (207, 210)] - 100110",B
,0100110,"(239, 53) - 0","[(94, 86), (154, 142), (206, 176), (207, 210)] - 0110","[(147, 46), (16, 93)] - 10",B
,0100110,"(239, 53) - 0","[(206, 176), (207, 210)] - 10","[(147, 46), (16, 93), (94, 86), (154, 142)] - 1001",B
,0100110,"(147, 46) - 1","[(239, 53)] - 0","[(16, 93), (94, 86), (154, 142), (206, 176), (207, 210)] - 00110",B
,0100110,"(147, 46) - 1","[(239, 53), (94, 86), (154, 142), (206, 176), (207, 210)] - 00110","[(16, 93)] - 0",B
,0100110,"(147, 46) - 1","[(239, 53), (206, 176), (207, 210)] - 010","[(16, 93), (94, 86), (154, 142)] - 001",B
,0100110,"(16, 93) - 0",[] - ,"[(239, 53), (147, 46), (94, 86), (154, 142), (206, 176), (207, 210)] - 010110",B
,0100110,"(16, 93) - 0","[(94, 86), (154, 142), (206, 176), (207, 210)] - 0110","[(239, 53), (147, 46)] - 01",B
,0100110,"(16, 93) - 0","[(206, 176), (207, 210)] - 10","[(239, 53), (147, 46), (94, 86), (154, 142)] - 0101",B
,0100110,"(206, 176) - 1","[(207, 210)] - 0","[(239, 53), (147, 46), (16, 93), (94, 86), (154, 142)] - 01001",B
,0100110,"(207, 210) - 0",[] - ,"[(239, 53), (147, 46), (16, 93), (94, 86), (154, 142), (206, 176)] - 010011",B
,0100110,"(239, 53) - 0","[(16, 93), (94, 86), (154, 142), (206, 176), (207, 210)] - 00110","[(147, 46)] - 1",I
,0100110,"(239, 53) - 0","[(207, 210)] - 0","[(147, 46), (16, 93), (94, 86), (154, 142), (206, 176)] - 10011",I
,0100110,"(239, 53) - 0","[(154, 142), (206, 176), (207, 210)] - 110","[(147, 46), (16, 93), (94, 86)] - 100",I
,0100110,"(147, 46) - 1","[(239, 53), (16, 93), (94, 86), (154, 142), (206, 176), (207, 210)] - 000110",[] - ,I
,0100110,"(147, 46) - 1","[(239, 53), (206, 176)] - 01","[(16, 93), (94, 86), (154, 142), (207, 210)] - 0010",I
,0100110,"(147, 46) - 1","[(239, 53), (154, 142), (206, 176), (207, 210)] - 0110","[(16, 93), (94, 86)] - 00",I
,0100110,"(16, 93) - 0","[(207, 210)] - 0","[(239, 53), (147, 46), (94, 86), (154, 142), (206, 176)] - 01011",I
,0100110,"(16, 93) - 0","[(154, 142), (206, 176), (207, 210)] - 110","[(239, 53), (147, 46), (94, 86)] - 010",I
,0100110,"(94, 86) - 0","[(154, 142), (206, 176), (207, 210)] - 110","[(239, 53), (147, 46), (16, 93)] - 010",I
,0100110,"(154, 142) - 1","[(206, 176), (207, 210)] - 10","[(239, 53), (147, 46), (16, 93), (94, 86)] - 0100",I
,0101001,"(239, 53) - 0",[] - ,"[(147, 46), (16, 93), (94, 86), (154, 142), (206, 176), (207, 210)] - 101001",B
,0101001,"(239, 53) - 0","[(94, 86), (154, 142), (206, 176), (207, 210)] - 1001","[(147, 46), (16, 93)] - 10",B
,0101001,"(239, 53) - 0","[(206, 176), (207, 210)] - 01","[(147, 46), (16, 93), (94, 86), (154, 142)] - 1010",B
,0101001,"(147, 46) - 1","[(239, 53)] - 0","[(16, 93), (94, 86), (154, 142), (206, 176), (207, 210)] - 01001",B
,0101001,"(147, 46) - 1","[(239, 53), (94, 86), (154, 142), (206, 176), (207, 210)] - 01001","[(16, 93)] - 0",B
,0101001,"(147, 46) - 1","[(239, 53), (206, 176), (207, 210)] - 001","[(16, 93), (94, 86), (154, 142)] - 010",B
,0101001,"(16, 93) - 0",[] - ,"[(239, 53), (147, 46), (94, 86), (154, 142), (206, 176), (207, 210)] - 011001",B
,0101001,"(16, 93) - 0","[(94, 86), (154, 142), (206, 176), (207, 210)] - 1001","[(239, 53), (147, 46)] - 01",B
,0101001,"(16, 93) - 0","[(206, 176), (207, 210)] - 01","[(239, 53), (147, 46), (94, 86), (154, 142)] - 0110",B
,0101001,"(94, 86) - 1","[(154, 142), (206, 176), (207, 210)] - 001","[(239, 53), (147, 46), (16, 93)] - 010",B
,0101001,"(154, 142) - 0","[(206, 176), (207, 210)] - 01","[(239, 53), (147, 46), (16, 93), (94, 86)] - 0101",B
,0101001,"(239, 53) - 0","[(16, 93), (94, 86), (154, 142), (206, 176), (207, 210)] - 01001","[(147, 46)] - 1",I
,0101001,"(239, 53) - 0","[(207, 210)] - 1","[(147, 46), (16, 93), (94, 86), (154, 142), (206, 176)] - 10100",I
,0101001,"(239, 53) - 0","[(154, 142), (206, 176), (207, 210)] - 001","[(147, 46), (16, 93), (94, 86)] - 101",I
,0101001,"(147, 46) - 1","[(239, 53), (16, 93), (94, 86), (154, 142), (206, 176), (207, 210)] - 001001",[] - ,I
,0101001,"(147, 46) - 1","[(239, 53), (206, 176)] - 00","[(16, 93), (94, 86), (154, 142), (207, 210)] - 0101",I
,0101001,"(147, 46) - 1","[(239, 53), (154, 142), (206, 176), (207, 210)] - 0001","[(16, 93), (94, 86)] - 01",I
,0101001,"(16, 93) - 0","[(207, 210)] - 1","[(239, 53), (147, 46), (94, 86), (154, 142), (206, 176)] - 01100",I
,0101001,"(16, 93) - 0","[(154, 142), (206, 176), (207, 210)] - 001","[(239, 53), (147, 46), (94, 86)] - 011",I
,0101001,"(206, 176) - 0","[(207, 210)] - 1","[(239, 53), (147, 46), (16, 93), (94, 86), (154, 142)] - 01010",I
,0101001,"(207, 210) - 1",[] - ,"[(239, 53), (147, 46), (16, 93), (94, 86), (154, 142), (206, 176)] - 010100",I
,0101010,"(239, 53) - 0",[] - ,"[(147, 46), (16, 93), (94, 86), (154, 142), (206, 176), (207, 210)] - 101010",B
,0101010,"(239, 53) - 0","[(94, 86), (154, 142), (206, 176), (207, 210)] - 1010","[(147, 46), (16, 93)] - 10",B
,0101010,"(239, 53) - 0","[(206, 176), (207, 210)] - 10","[(147, 46), (16, 93), (94, 86), (154, 142)] - 1010",B
,0101010,"(147, 46) - 1","[(239, 53)] - 0","[(16, 93), (94, 86), (154, 142), (206, 176), (207, 210)] - 01010",B
,0101010,"(147, 46) - 1","[(239, 53), (94, 86), (154, 142), (206, 176), (207, 210)] - 01010","[(16, 93)] - 0",B
,0101010,"(147, 46) - 1","[(239, 53), (206, 176), (207, 210)] - 010","[(16, 93), (94, 86), (154, 142)] - 010",B
,0101010,"(16, 93) - 0",[] - ,"[(239, 53), (147, 46), (94, 86), (154, 142), (206, 176), (207, 210)] - 011010",B
,0101010,"(16, 93) - 0","[(94, 86), (154, 142), (206, 176), (207, 210)] - 1010","[(239, 53), (147, 46)] - 01",B
,0101010,"(16, 93) - 0","[(206, 176), (207, 210)] - 10","[(239, 53), (147, 46), (94, 86), (154, 142)] - 0110",B
,0101010,"(94, 86) - 1","[(154, 142), (206, 176), (207, 210)] - 010","[(239, 53), (147, 46), (16, 93)] - 010",B
,0101010,"(154, 142) - 0","[(206, 176), (207, 210)] - 10","[(239, 53), (147, 46), (16, 93), (94, 86)] - 0101",B
,0101010,"(206, 176) - 1","[(207, 210)] - 0","[(239, 53), (147, 46), (16, 93), (94, 86), (154, 142)] - 01010",B
,0101010,"(207, 210) - 0",[] - ,"[(239, 53), (147, 46), (16, 93), (94, 86), (154, 142), (206, 176)] - 010101",B
,0101010,"(239, 53) - 0","[(16, 93), (94, 86), (154, 142), (206, 176), (207, 210)] - 01010","[(147, 46)] - 1",I
,0101010,"(239, 53) - 0","[(207, 210)] - 0","[(147, 46), (16, 93), (94, 86), (154, 142), (206, 176)] - 10101",I
,0101010,"(239, 53) - 0","[(154, 142), (206, 176), (207, 210)] - 010","[(147, 46), (16, 93), (94, 86)] - 101",I
,0101010,"(147, 46) - 1","[(239, 53), (16, 93), (94, 86), (154, 142), (206, 176), (207, 210)] - 001010",[] - ,I
,0101010,"(147, 46) - 1","[(239, 53), (206, 176)] - 01","[(16, 93), (94, 86), (154, 142), (207, 210)] - 0100",I
,0101010,"(147, 46) - 1","[(239, 53), (154, 142), (206, 176), (207, 210)] - 0010","[(16, 93), (94, 86)] - 01",I
,0101010,"(16, 93) - 0","[(207, 210)] - 0","[(239, 53), (147, 46), (94, 86), (154, 142), (206, 176)] - 01101",I
,0101010,"(16, 93) - 0","[(154, 142), (206, 176), (207, 210)] - 010","[(239, 53), (147, 46), (94, 86)] - 011",I
,0101100,"(239, 53) - 0",[] - ,"[(147, 46), (16, 93), (94, 86), (154, 142), (206, 176), (207, 210)] - 101100",B
,0101100,"(239, 53) - 0","[(94, 86), (154, 142), (206, 176), (207, 210)] - 1100","[(147, 46), (16, 93)] - 10",B
,0101100,"(147, 46) - 1","[(239, 53)] - 0","[(16, 93), (94, 86), (154, 142), (206, 176), (207, 210)] - 01100",B
,0101100,"(147, 46) - 1","[(239, 53), (94, 86), (154, 142), (206, 176), (207, 210)] - 01100","[(16, 93)] - 0",B
,0101100,"(16, 93) - 0",[] - ,"[(239, 53), (147, 46), (94, 86), (154, 142), (206, 176), (207, 210)] - 011100",B
,0101100,"(16, 93) - 0","[(94, 86), (154, 142), (206, 176), (207, 210)] - 1100","[(239, 53), (147, 46)] - 01",B
,0101100,"(94, 86) - 1","[(154, 142), (206, 176), (207, 210)] - 100","[(239, 53), (147, 46), (16, 93)] - 010",B
,0101100,"(207, 210) - 0",[] - ,"[(239, 53), (147, 46), (16, 93), (94, 86), (154, 142), (206, 176)] - 010110",B
,0101100,"(239, 53) - 0","[(16, 93), (94, 86), (154, 142), (206, 176), (207, 210)] - 01100","[(147, 46)] - 1",I
,0101100,"(239, 53) - 0","[(207, 210)] - 0","[(147, 46), (16, 93), (94, 86), (154, 142), (206, 176)] - 10110",I
,0101100,"(239, 53) - 0","[(206, 176), (207, 210)] - 00","[(147, 46), (16, 93), (94, 86), (154, 142)] - 1011",I
,0101100,"(239, 53) - 0","[(154, 142), (206, 176), (207, 210)] - 100","[(147, 46), (16, 93), (94, 86)] - 101",I
,0101100,"(147, 46) - 1","[(239, 53), (16, 93), (94, 86), (154, 142), (206, 176), (207, 210)] - 001100",[] - ,I
,0101100,"(147, 46) - 1","[(239, 53), (206, 176)] - 00","[(16, 93), (94, 86), (154, 142), (207, 210)] - 0110",I
,0101100,"(147, 46) - 1","[(239, 53), (154, 142), (206, 176), (207, 210)] - 0100","[(16, 93), (94, 86)] - 01",I
,0101100,"(147, 46) - 1","[(239, 53), (206, 176), (207, 210)] - 000","[(16, 93), (94, 86), (154, 142)] - 011",I
,0101100,"(16, 93) - 0","[(207, 210)] - 0","[(239, 53), (147, 46), (94, 86), (154, 142), (206, 176)] - 01110",I
,0101100,"(16, 93) - 0","[(206, 176), (207, 210)] - 00","[(239, 53), (147, 46), (94, 86), (154, 142)] - 0111",I
,0101100,"(16, 93) - 0","[(154, 142), (206, 176), (207, 210)] - 100","[(239, 53), (147, 46), (94, 86)] - 011",I
,0101100,"(154, 142) - 1","[(206, 176), (207, 210)] - 00","[(239, 53), (147, 46), (16, 93), (94, 86)] - 0101",I
,0101100,"(206, 176) - 0","[(207, 210)] - 0","[(239, 53), (147, 46), (16, 93), (94, 86), (154, 142)] - 01011",I
,0110001,"(239, 53) - 0",[] - ,"[(147, 46), (16, 93), (94, 86), (154, 142), (206, 176), (207, 210)] - 110001",B
,0110001,"(239, 53) - 0","[(206, 176), (207, 210)] - 01","[(147, 46), (16, 93), (94, 86), (154, 142)] - 1100",B
,0110001,"(147, 46) - 1","[(239, 53)] - 0","[(16, 93), (94, 86), (154, 142), (206, 176), (207, 210)] - 10001",B
,0110001,"(147, 46) - 1","[(239, 53), (206, 176), (207, 210)] - 001","[(16, 93), (94, 86), (154, 142)] - 100",B
,0110001,"(16, 93) - 1","[(154, 142), (206, 176), (207, 210)] - 001","[(239, 53), (147, 46), (94, 86)] - 010",B
,0110001,"(154, 142) - 0","[(206, 176), (207, 210)] - 01","[(239, 53), (147, 46), (16, 93), (94, 86)] - 0110",B
,0110001,"(239, 53) - 0","[(16, 93), (94, 86), (154, 142), (206, 176), (207, 210)] - 10001","[(147, 46)] - 1",I
,0110001,"(239, 53) - 0","[(207, 210)] - 1","[(147, 46), (16, 93), (94, 86), (154, 142), (206, 176)] - 11000",I
,0110001,"(239, 53) - 0","[(94, 86), (154, 142), (206, 176), (207, 210)] - 0001","[(147, 46), (16, 93)] - 11",I
,0110001,"(239, 53) - 0","[(154, 142), (206, 176), (207, 210)] - 001","[(147, 46), (16, 93), (94, 86)] - 110",I
,0110001,"(147, 46) - 1","[(239, 53), (16, 93), (94, 86), (154, 142), (206, 176), (207, 210)] - 010001",[] - ,I
,0110001,"(147, 46) - 1","[(239, 53), (94, 86), (154, 142), (206, 176), (207, 210)] - 00001","[(16, 93)] - 1",I
,0110001,"(147, 46) - 1","[(239, 53), (206, 176)] - 00","[(16, 93), (94, 86), (154, 142), (207, 210)] - 1001",I
,0110001,"(147, 46) - 1","[(239, 53), (154, 142), (206, 176), (207, 210)] - 0001","[(16, 93), (94, 86)] - 10",I
,0110001,"(16, 93) - 1",[] - ,"[(239, 53), (147, 46), (94, 86), (154, 142), (206, 176), (207, 210)] - 010001",I
,0110001,"(16, 93) - 1","[(207, 210)] - 1","[(239, 53), (147, 46), (94, 86), (154, 142), (206, 176)] - 01000",I
,0110001,"(16, 93) - 1","[(94, 86), (154, 142), (206, 176), (207, 210)] - 0001","[(239, 53), (147, 46)] - 01",I
,0110001,"(16, 93) - 1","[(206, 176), (207, 210)] - 01","[(239, 53), (147, 46), (94, 86), (154, 142)] - 0100",I
,0110001,"(94, 86) - 0","[(154, 142), (206, 176), (207, 210)] - 001","[(239, 53), (147, 46), (16, 93)] - 011",I
,0110001,"(206, 176) - 0","[(207, 210)] - 1","[(239, 53), (147, 46), (16, 93), (94, 86), (154, 142)] - 01100",I
,0110001,"(207, 210) - 1",[] - ,"[(239, 53), (147, 46), (16, 93), (94, 86), (154, 142), (206, 176)] - 011000",I
,0110010,"(239, 53) - 0",[] - ,"[(147, 46), (16, 93), (94, 86), (154, 142), (206, 176), (207, 210)] - 110010",B
,0110010,"(239, 53) - 0","[(206, 176), (207, 210)] - 10","[(147, 46), (16, 93), (94, 86), (154, 142)] - 1100",B
,0110010,"(147, 46) - 1","[(239, 53)] - 0","[(16, 93), (94, 86), (154, 142), (206, 176), (207, 210)] - 10010",B
,0110010,"(147, 46) - 1","[(239, 53), (206, 176), (207, 210)] - 010","[(16, 93), (94, 86), (154, 142)] - 100",B
,0110010,"(16, 93) - 1","[(207, 210)] - 0","[(239, 53), (147, 46), (94, 86), (154, 142), (206, 176)] - 01001",B
,0110010,"(16, 93) - 1","[(154, 142), (206, 176), (207, 210)] - 010","[(239, 53), (147, 46), (94, 86)] - 010",B
,0110010,"(154, 142) - 0","[(206, 176), (207, 210)] - 10","[(239, 53), (147, 46), (16, 93), (94, 86)] - 0110",B
,0110010,"(206, 176) - 1","[(207, 210)] - 0","[(239, 53), (147, 46), (16, 93), (94, 86), (154, 142)] - 01100",B
,0110010,"(207, 210) - 0",[] - ,"[(239, 53), (147, 46), (16, 93), (94, 86), (154, 142), (206, 176)] - 011001",B
,0110010,"(239, 53) - 0","[(16, 93), (94, 86), (154, 142), (206, 176), (207, 210)] - 10010","[(147, 46)] - 1",I
,0110010,"(239, 53) - 0","[(207, 210)] - 0","[(147, 46), (16, 93), (94, 86), (154, 142), (206, 176)] - 11001",I
,0110010,"(239, 53) - 0","[(94, 86), (154, 142), (206, 176), (207, 210)] - 0010","[(147, 46), (16, 93)] - 11",I
,0110010,"(239, 53) - 0","[(154, 142), (206, 176), (207, 210)] - 010","[(147, 46), (16, 93), (94, 86)] - 110",I
,0110010,"(147, 46) - 1","[(239, 53), (16, 93), (94, 86), (154, 142), (206, 176), (207, 210)] - 010010",[] - ,I
,0110010,"(147, 46) - 1","[(239, 53), (94, 86), (154, 142), (206, 176), (207, 210)] - 00010","[(16, 93)] - 1",I
,0110010,"(147, 46) - 1","[(239, 53), (206, 176)] - 01","[(16, 93), (94, 86), (154, 142), (207, 210)] - 1000",I
,0110010,"(147, 46) - 1","[(239, 53), (154, 142), (206, 176), (207, 210)] - 0010","[(16, 93), (94, 86)] - 10",I
,0110010,"(16, 93) - 1",[] - ,"[(239, 53), (147, 46), (94, 86), (154, 142), (206, 176), (207, 210)] - 010010",I
,0110010,"(16, 93) - 1","[(94, 86), (154, 142), (206, 176), (207, 210)] - 0010","[(239, 53), (147, 46)] - 01",I
,0110010,"(16, 93) - 1","[(206, 176), (207, 210)] - 10","[(239, 53), (147, 46), (94, 86), (154, 142)] - 0100",I
,0110010,"(94, 86) - 0","[(154, 142), (206, 176), (207, 210)] - 010","[(239, 53), (147, 46), (16, 93)] - 011",I
,0110100,"(239, 53) - 0",[] - ,"[(147, 46), (16, 93), (94, 86), (154, 142), (206, 176), (207, 210)] - 110100",B
,0110100,"(147, 46) - 1","[(239, 53)] - 0","[(16, 93), (94, 86), (154, 142), (206, 176), (207, 210)] - 10100",B
,0110100,"(16, 93) - 1","[(207, 210)] - 0","[(239, 53), (147, 46), (94, 86), (154, 142), (206, 176)] - 01010",B
,0110100,"(16, 93) - 1","[(154, 142), (206, 176), (207, 210)] - 100","[(239, 53), (147, 46), (94, 86)] - 010",B
,0110100,"(207, 210) - 0",[] - ,"[(239, 53), (147, 46), (16, 93), (94, 86), (154, 142), (206, 176)] - 011010",B
,0110100,"(239, 53) - 0","[(16, 93), (94, 86), (154, 142), (206, 176), (207, 210)] - 10100","[(147, 46)] - 1",I
,0110100,"(239, 53) - 0","[(207, 210)] - 0","[(147, 46), (16, 93), (94, 86), (154, 142), (206, 176)] - 11010",I
,0110100,"(239, 53) - 0","[(94, 86), (154, 142), (206, 176), (207, 210)] - 0100","[(147, 46), (16, 93)] - 11",I
,0110100,"(239, 53) - 0","[(206, 176), (207, 210)] - 00","[(147, 46), (16, 93), (94, 86), (154, 142)] - 1101",I
,0110100,"(239, 53) - 0","[(154, 142), (206, 176), (207, 210)] - 100","[(147, 46), (16, 93), (94, 86)] - 110",I
,0110100,"(147, 46) - 1","[(239, 53), (16, 93), (94, 86), (154, 142), (206, 176), (207, 210)] - 010100",[] - ,I
,0110100,"(147, 46) - 1","[(239, 53), (94, 86), (154, 142), (206, 176), (207, 210)] - 00100","[(16, 93)] - 1",I
,0110100,"(147, 46) - 1","[(239, 53), (206, 176)] - 00","[(16, 93), (94, 86), (154, 142), (207, 210)] - 1010",I
,0110100,"(147, 46) - 1","[(239, 53), (154, 142), (206, 176), (207, 210)] - 0100","[(16, 93), (94, 86)] - 10",I
,0110100,"(147, 46) - 1","[(239, 53), (206, 176), (207, 210)] - 000","[(16, 93), (94, 86), (154, 142)] - 101",I
,0110100,"(16, 93) - 1",[] - ,"[(239, 53), (147, 46), (94, 86), (154, 142), (206, 176), (207, 210)] - 010100",I
,0110100,"(16, 93) - 1","[(94, 86), (154, 142), (206, 176), (207, 210)] - 0100","[(239, 53), (147, 46)] - 01",I
,0110100,"(16, 93) - 1","[(206, 176), (207, 210)] - 00","[(239, 53), (147, 46), (94, 86), (154, 142)] - 0101",I
,0110100,"(94, 86) - 0","[(154, 142), (206, 176), (207, 210)] - 100","[(239, 53), (147, 46), (16, 93)] - 011",I
,0110100,"(154, 142) - 1","[(206, 176), (207, 210)] - 00","[(239, 53), (147, 46), (16, 93), (94, 86)] - 0110",I
,0110100,"(206, 176) - 0","[(207, 210)] - 0","[(239, 53), (147, 46), (16, 93), (94, 86), (154, 142)] - 01101",I
,0111000,"(239, 53) - 0",[] - ,"[(147, 46), (16, 93), (94, 86), (154, 142), (206, 176), (207, 210)] - 111000",B
,0111000,"(147, 46) - 1","[(239, 53)] - 0","[(16, 93), (94, 86), (154, 142), (206, 176), (207, 210)] - 11000",B
,0111000,"(16, 93) - 1","[(207, 210)] - 0","[(239, 53), (147, 46), (94, 86), (154, 142), (206, 176)] - 01100",B
,0111000,"(207, 210) - 0",[] - ,"[(239, 53), (147, 46), (16, 93), (94, 86), (154, 142), (206, 176)] - 011100",B
,0111000,"(239, 53) - 0","[(16, 93), (94, 86), (154, 142), (206, 176), (207, 210)] - 11000","[(147, 46)] - 1",I
,0111000,"(239, 53) - 0","[(207, 210)] - 0","[(147, 46), (16, 93), (94, 86), (154, 142), (206, 176)] - 11100",I
,0111000,"(239, 53) - 0","[(94, 86), (154, 142), (206, 176), (207, 210)] - 1000","[(147, 46), (16, 93)] - 11",I
,0111000,"(239, 53) - 0","[(206, 176), (207, 210)] - 00","[(147, 46), (16, 93), (94, 86), (154, 142)] - 1110",I
,0111000,"(239, 53) - 0","[(154, 142), (206, 176), (207, 210)] - 000","[(147, 46), (16, 93), (94, 86)] - 111",I
,0111000,"(147, 46) - 1","[(239, 53), (16, 93), (94, 86), (154, 142), (206, 176), (207, 210)] - 011000",[] - ,I
,0111000,"(147, 46) - 1","[(239, 53), (94, 86), (154, 142), (206, 176), (207, 210)] - 01000","[(16, 93)] - 1",I
,0111000,"(147, 46) - 1","[(239, 53), (206, 176)] - 00","[(16, 93), (94, 86), (154, 142), (207, 210)] - 1100",I
,0111000,"(147, 46) - 1","[(239, 53), (154, 142), (206, 176), (207, 210)] - 0000","[(16, 93), (94, 86)] - 11",I
,0111000,"(147, 46) - 1","[(239, 53), (206, 176), (207, 210)] - 000","[(16, 93), (94, 86), (154, 142)] - 110",I
,0111000,"(16, 93) - 1",[] - ,"[(239, 53), (147, 46), (94, 86), (154, 142), (206, 176), (207, 210)] - 011000",I
,0111000,"(16, 93) - 1","[(94, 86), (154, 142), (206, 176), (207, 210)] - 1000","[(239, 53), (147, 46)] - 01",I
,0111000,"(16, 93) - 1","[(206, 176), (207, 210)] - 00","[(239, 53), (147, 46), (94, 86), (154, 142)] - 0110",I
,0111000,"(16, 93) - 1","[(154, 142), (206, 176), (207, 210)] - 000","[(239, 53), (147, 46), (94, 86)] - 011",I
,0111000,"(94, 86) - 1","[(154, 142), (206, 176), (207, 210)] - 000","[(239, 53), (147, 46), (16, 93)] - 011",I
,0111000,"(154, 142) - 0","[(206, 176), (207, 210)] - 00","[(239, 53), (147, 46), (16, 93), (94, 86)] - 0111",I
,0111000,"(206, 176) - 0","[(207, 210)] - 0","[(239, 53), (147, 46), (16, 93), (94, 86), (154, 142)] - 01110",I
,1000011,"(239, 53) - 1","[(16, 93), (94, 86), (154, 142), (206, 176), (207, 210)] - 00011","[(147, 46)] - 0",B
,1000011,"(16, 93) - 0",[] - ,"[(239, 53), (147, 46), (94, 86), (154, 142), (206, 176), (207, 210)] - 100011",B
,1000011,"(16, 93) - 0","[(94, 86), (154, 142), (206, 176), (207, 210)] - 0011","[(239, 53), (147, 46)] - 10",B
,1000011,"(239, 53) - 1",[] - ,"[(147, 46), (16, 93), (94, 86), (154, 142), (206, 176), (207, 210)] - 000011",I
,1000011,"(239, 53) - 1","[(207, 210)] - 1","[(147, 46), (16, 93), (94, 86), (154, 142), (206, 176)] - 00001",I
,1000011,"(239, 53) - 1","[(94, 86), (154, 142), (206, 176), (207, 210)] - 0011","[(147, 46), (16, 93)] - 00",I
,1000011,"(239, 53) - 1","[(206, 176), (207, 210)] - 11","[(147, 46), (16, 93), (94, 86), (154, 142)] - 0000",I
,1000011,"(239, 53) - 1","[(154, 142), (206, 176), (207, 210)] - 011","[(147, 46), (16, 93), (94, 86)] - 000",I
,1000011,"(147, 46) - 0","[(239, 53), (16, 93), (94, 86), (154, 142), (206, 176), (207, 210)] - 100011",[] - ,I
,1000011,"(147, 46) - 0","[(239, 53)] - 1","[(16, 93), (94, 86), (154, 142), (206, 176), (207, 210)] - 00011",I
,1000011,"(147, 46) - 0","[(239, 53), (94, 86), (154, 142), (206, 176), (207, 210)] - 10011","[(16, 93)] - 0",I
,1000011,"(147, 46) - 0","[(239, 53), (206, 176)] - 11","[(16, 93), (94, 86), (154, 142), (207, 210)] - 0001",I
,1000011,"(147, 46) - 0","[(239, 53), (154, 142), (206, 176), (207, 210)] - 1011","[(16, 93), (94, 86)] - 00",I
,1000011,"(147, 46) - 0","[(239, 53), (206, 176), (207, 210)] - 111","[(16, 93), (94, 86), (154, 142)] - 000",I
,1000011,"(16, 93) - 0","[(207, 210)] - 1","[(239, 53), (147, 46), (94, 86), (154, 142), (206, 176)] - 10001",I
,1000011,"(16, 93) - 0","[(206, 176), (207, 210)] - 11","[(239, 53), (147, 46), (94, 86), (154, 142)] - 1000",I
,1000011,"(16, 93) - 0","[(154, 142), (206, 176), (207, 210)] - 011","[(239, 53), (147, 46), (94, 86)] - 100",I
,1000011,"(94, 86) - 0","[(154, 142), (206, 176), (207, 210)] - 011","[(239, 53), (147, 46), (16, 93)] - 100",I
,1000011,"(154, 142) - 0","[(206, 176), (207, 210)] - 11","[(239, 53), (147, 46), (16, 93), (94, 86)] - 1000",I
,1000011,"(206, 176) - 1","[(207, 210)] - 1","[(239, 53), (147, 46), (16, 93), (94, 86), (154, 142)] - 10000",I
,1000011,"(207, 210) - 1",[] - ,"[(239, 53), (147, 46), (16, 93), (94, 86), (154, 142), (206, 176)] - 100001",I
,1000101,"(239, 53) - 1","[(16, 93), (94, 86), (154, 142), (206, 176), (207, 210)] - 00101","[(147, 46)] - 0",B
,1000101,"(147, 46) - 0","[(239, 53), (206, 176)] - 10","[(16, 93), (94, 86), (154, 142), (207, 210)] - 0011",B
,1000101,"(16, 93) - 0",[] - ,"[(239, 53), (147, 46), (94, 86), (154, 142), (206, 176), (207, 210)] - 100101",B
,1000101,"(16, 93) - 0","[(94, 86), (154, 142), (206, 176), (207, 210)] - 0101","[(239, 53), (147, 46)] - 10",B
,1000101,"(16, 93) - 0","[(206, 176), (207, 210)] - 01","[(239, 53), (147, 46), (94, 86), (154, 142)] - 1001",B
,1000101,"(239, 53) - 1",[] - ,"[(147, 46), (16, 93), (94, 86), (154, 142), (206, 176), (207, 210)] - 000101",I
,1000101,"(239, 53) - 1","[(207, 210)] - 1","[(147, 46), (16, 93), (94, 86), (154, 142), (206, 176)] - 00010",I
,1000101,"(239, 53) - 1","[(94, 86), (154, 142), (206, 176), (207, 210)] - 0101","[(147, 46), (16, 93)] - 00",I
,1000101,"(239, 53) - 1","[(206, 176), (207, 210)] - 01","[(147, 46), (16, 93), (94, 86), (154, 142)] - 0001",I
,1000101,"(239, 53) - 1","[(154, 142), (206, 176), (207, 210)] - 101","[(147, 46), (16, 93), (94, 86)] - 000",I
,1000101,"(147, 46) - 0","[(239, 53), (16, 93), (94, 86), (154, 142), (206, 176), (207, 210)] - 100101",[] - ,I
,1000101,"(147, 46) - 0","[(239, 53)] - 1","[(16, 93), (94, 86), (154, 142), (206, 176), (207, 210)] - 00101",I
,1000101,"(147, 46) - 0","[(239, 53), (94, 86), (154, 142), (206, 176), (207, 210)] - 10101","[(16, 93)] - 0",I
,1000101,"(147, 46) - 0","[(239, 53), (154, 142), (206, 176), (207, 210)] - 1101","[(16, 93), (94, 86)] - 00",I
,1000101,"(147, 46) - 0","[(239, 53), (206, 176), (207, 210)] - 101","[(16, 93), (94, 86), (154, 142)] - 001",I
,1000101,"(16, 93) - 0","[(207, 210)] - 1","[(239, 53), (147, 46), (94, 86), (154, 142), (206, 176)] - 10010",I
,1000101,"(16, 93) - 0","[(154, 142), (206, 176), (207, 210)] - 101","[(239, 53), (147, 46), (94, 86)] - 100",I
,1000101,"(94, 86) - 0","[(154, 142), (206, 176), (207, 210)] - 101","[(239, 53), (147, 46), (16, 93)] - 100",I
,1000101,"(154, 142) - 1","[(206, 176), (207, 210)] - 01","[(239, 53), (147, 46), (16, 93), (94, 86)] - 1000",I
,1000101,"(206, 176) - 0","[(207, 210)] - 1","[(239, 53), (147, 46), (16, 93), (94, 86), (154, 142)] - 10001",I
,1000101,"(207, 210) - 1",[] - ,"[(239, 53), (147, 46), (16, 93), (94, 86), (154, 142), (206, 176)] - 100010",I
,1000110,"(239, 53) - 1","[(16, 93), (94, 86), (154, 142), (206, 176), (207, 210)] - 00110","[(147, 46)] - 0",B
,1000110,"(239, 53) - 1","[(207, 210)] - 0","[(147, 46), (16, 93), (94, 86), (154, 142), (206, 176)] - 00011",B
,1000110,"(16, 93) - 0",[] - ,"[(239, 53), (147, 46), (94, 86), (154, 142), (206, 176), (207, 210)] - 100110",B
,1000110,"(16, 93) - 0","[(94, 86), (154, 142), (206, 176), (207, 210)] - 0110","[(239, 53), (147, 46)] - 10",B
,1000110,"(16, 93) - 0","[(206, 176), (207, 210)] - 10","[(239, 53), (147, 46), (94, 86), (154, 142)] - 1001",B
,1000110,"(206, 176) - 1","[(207, 210)] - 0","[(239, 53), (147, 46), (16, 93), (94, 86), (154, 142)] - 10001",B
,1000110,"(207, 210) - 0",[] - ,"[(239, 53), (147, 46), (16, 93), (94, 86), (154, 142), (206, 176)] - 100011",B
,1000110,"(239, 53) - 1",[] - ,"[(147, 46), (16, 93), (94, 86), (154, 142), (206, 176), (207, 210)] - 000110",I
,1000110,"(239, 53) - 1","[(94, 86), (154, 142), (206, 176), (207, 210)] - 0110","[(147, 46), (16, 93)] - 00",I
,1000110,"(239, 53) - 1","[(206, 176), (207, 210)] - 10","[(147, 46), (16, 93), (94, 86), (154, 142)] - 0001",I
,1000110,"(239, 53) - 1","[(154, 142), (206, 176), (207, 210)] - 110","[(147, 46), (16, 93), (94, 86)] - 000",I
,1000110,"(147, 46) - 0","[(239, 53), (16, 93), (94, 86), (154, 142), (206, 176), (207, 210)] - 100110",[] - ,I
,1000110,"(147, 46) - 0","[(239, 53)] - 1","[(16, 93), (94, 86), (154, 142), (206, 176), (207, 210)] - 00110",I
,1000110,"(147, 46) - 0","[(239, 53), (94, 86), (154, 142), (206, 176), (207, 210)] - 10110","[(16, 93)] - 0",I
,1000110,"(147, 46) - 0","[(239, 53), (206, 176)] - 11","[(16, 93), (94, 86), (154, 142), (207, 210)] - 0010",I
,1000110,"(147, 46) - 0","[(239, 53), (154, 142), (206, 176), (207, 210)] - 1110","[(16, 93), (94, 86)] - 00",I
,1000110,"(147, 46) - 0","[(239, 53), (206, 176), (207, 210)] - 110","[(16, 93), (94, 86), (154, 142)] - 001",I
,1000110,"(16, 93) - 0","[(207, 210)] - 0","[(239, 53), (147, 46), (94, 86), (154, 142), (206, 176)] - 10011",I
,1000110,"(16, 93) - 0","[(154, 142), (206, 176), (207, 210)] - 110","[(239, 53), (147, 46), (94, 86)] - 100",I
,1000110,"(94, 86) - 0","[(154, 142), (206, 176), (207, 210)] - 110","[(239, 53), (147, 46), (16, 93)] - 100",I
,1000110,"(154, 142) - 1","[(206, 176), (207, 210)] - 10","[(239, 53), (147, 46), (16, 93), (94, 86)] - 1000",I
,1001001,"(239, 53) - 1","[(16, 93), (94, 86), (154, 142), (206, 176), (207, 210)] - 01001","[(147, 46)] - 0",B
,1001001,"(239, 53) - 1","[(154, 142), (206, 176), (207, 210)] - 001","[(147, 46), (16, 93), (94, 86)] - 001",B
,1001001,"(147, 46) - 0","[(239, 53), (206, 176)] - 10","[(16, 93), (94, 86), (154, 142), (207, 210)] - 0101",B
,1001001,"(147, 46) - 0","[(239, 53), (154, 142), (206, 176), (207, 210)] - 1001","[(16, 93), (94, 86)] - 01",B
,1001001,"(16, 93) - 0",[] - ,"[(239, 53), (147, 46), (94, 86), (154, 142), (206, 176), (207, 210)] - 101001",B
,1001001,"(16, 93) - 0","[(94, 86), (154, 142), (206, 176), (207, 210)] - 1001","[(239, 53), (147, 46)] - 10",B
,1001001,"(16, 93) - 0","[(206, 176), (207, 210)] - 01","[(239, 53), (147, 46), (94, 86), (154, 142)] - 1010",B
,1001001,"(94, 86) - 1","[(154, 142), (206, 176), (207, 210)] - 001","[(239, 53), (147, 46), (16, 93)] - 100",B
,1001001,"(154, 142) - 0","[(206, 176), (207, 210)] - 01","[(239, 53), (147, 46), (16, 93), (94, 86)] - 1001",B
,1001001,"(239, 53) - 1",[] - ,"[(147, 46), (16, 93), (94, 86), (154, 142), (206, 176), (207, 210)] - 001001",I
,1001001,"(239, 53) - 1","[(207, 210)] - 1","[(147, 46), (16, 93), (94, 86), (154, 142), (206, 176)] - 00100",I
,1001001,"(239, 53) - 1","[(94, 86), (154, 142), (206, 176), (207, 210)] - 1001","[(147, 46), (16, 93)] - 00",I
,1001001,"(239, 53) - 1","[(206, 176), (207, 210)] - 01","[(147, 46), (16, 93), (94, 86), (154, 142)] - 0010",I
,1001001,"(147, 46) - 0","[(239, 53), (16, 93), (94, 86), (154, 142), (206, 176), (207, 210)] - 101001",[] - ,I
,1001001,"(147, 46) - 0","[(239, 53)] - 1","[(16, 93), (94, 86), (154, 142), (206, 176), (207, 210)] - 01001",I
,1001001,"(147, 46) - 0","[(239, 53), (94, 86), (154, 142), (206, 176), (207, 210)] - 11001","[(16, 93)] - 0",I
,1001001,"(147, 46) - 0","[(239, 53), (206, 176), (207, 210)] - 101","[(16, 93), (94, 86), (154, 142)] - 010",I
,1001001,"(16, 93) - 0","[(207, 210)] - 1","[(239, 53), (147, 46), (94, 86), (154, 142), (206, 176)] - 10100",I
,1001001,"(16, 93) - 0","[(154, 142), (206, 176), (207, 210)] - 001","[(239, 53), (147, 46), (94, 86)] - 101",I
,1001001,"(206, 176) - 0","[(207, 210)] - 1","[(239, 53), (147, 46), (16, 93), (94, 86), (154, 142)] - 10010",I
,1001001,"(207, 210) - 1",[] - ,"[(239, 53), (147, 46), (16, 93), (94, 86), (154, 142), (206, 176)] - 100100",I
,1001010,"(239, 53) - 1","[(16, 93), (94, 86), (154, 142), (206, 176), (207, 210)] - 01010","[(147, 46)] - 0",B
,1001010,"(239, 53) - 1","[(207, 210)] - 0","[(147, 46), (16, 93), (94, 86), (154, 142), (206, 176)] - 00101",B
,1001010,"(239, 53) - 1","[(154, 142), (206, 176), (207, 210)] - 010","[(147, 46), (16, 93), (94, 86)] - 001",B
,1001010,"(147, 46) - 0","[(239, 53), (154, 142), (206, 176), (207, 210)] - 1010","[(16, 93), (94, 86)] - 01",B
,1001010,"(16, 93) - 0",[] - ,"[(239, 53), (147, 46), (94, 86), (154, 142), (206, 176), (207, 210)] - 101010",B
,1001010,"(16, 93) - 0","[(94, 86), (154, 142), (206, 176), (207, 210)] - 1010","[(239, 53), (147, 46)] - 10",B
,1001010,"(16, 93) - 0","[(206, 176), (207, 210)] - 10","[(239, 53), (147, 46), (94, 86), (154, 142)] - 1010",B
,1001010,"(94, 86) - 1","[(154, 142), (206, 176), (207, 210)] - 010","[(239, 53), (147, 46), (16, 93)] - 100",B
,1001010,"(154, 142) - 0","[(206, 176), (207, 210)] - 10","[(239, 53), (147, 46), (16, 93), (94, 86)] - 1001",B
,1001010,"(206, 176) - 1","[(207, 210)] - 0","[(239, 53), (147, 46), (16, 93), (94, 86), (154, 142)] - 10010",B
,1001010,"(207, 210) - 0",[] - ,"[(239, 53), (147, 46), (16, 93), (94, 86), (154, 142), (206, 176)] - 100101",B
,1001010,"(239, 53) - 1",[] - ,"[(147, 46), (16, 93), (94, 86), (154, 142), (206, 176), (207, 210)] - 001010",I
,1001010,"(239, 53) - 1","[(94, 86), (154, 142), (206, 176), (207, 210)] - 1010","[(147, 46), (16, 93)] - 00",I
,1001010,"(239, 53) - 1","[(206, 176), (207, 210)] - 10","[(147, 46), (16, 93), (94, 86), (154, 142)] - 0010",I
,1001010,"(147, 46) - 0","[(239, 53), (16, 93), (94, 86), (154, 142), (206, 176), (207, 210)] - 101010",[] - ,I
,1001010,"(147, 46) - 0","[(239, 53)] - 1","[(16, 93), (94, 86), (154, 142), (206, 176), (207, 210)] - 01010",I
,1001010,"(147, 46) - 0","[(239, 53), (94, 86), (154, 142), (206, 176), (207, 210)] - 11010","[(16, 93)] - 0",I
,1001010,"(147, 46) - 0","[(239, 53), (206, 176)] - 11","[(16, 93), (94, 86), (154, 142), (207, 210)] - 0100",I
,1001010,"(147, 46) - 0","[(239, 53), (206, 176), (207, 210)] - 110","[(16, 93), (94, 86), (154, 142)] - 010",I
,1001010,"(16, 93) - 0","[(207, 210)] - 0","[(239, 53), (147, 46), (94, 86), (154, 142), (206, 176)] - 10101",I
,1001010,"(16, 93) - 0","[(154, 142), (206, 176), (207, 210)] - 010","[(239, 53), (147, 46), (94, 86)] - 101",I
,1001100,"(239, 53) - 1","[(16, 93), (94, 86), (154, 142), (206, 176), (207, 210)] - 01100","[(147, 46)] - 0",B
,1001100,"(239, 53) - 1","[(207, 210)] - 0","[(147, 46), (16, 93), (94, 86), (154, 142), (206, 176)] - 00110",B
,1001100,"(239, 53) - 1","[(154, 142), (206, 176), (207, 210)] - 100","[(147, 46), (16, 93), (94, 86)] - 001",B
,1001100,"(147, 46) - 0","[(239, 53), (206, 176)] - 10","[(16, 93), (94, 86), (154, 142), (207, 210)] - 0110",B
,1001100,"(147, 46) - 0","[(239, 53), (154, 142), (206, 176), (207, 210)] - 1100","[(16, 93), (94, 86)] - 01",B
,1001100,"(16, 93) - 0",[] - ,"[(239, 53), (147, 46), (94, 86), (154, 142), (206, 176), (207, 210)] - 101100",B
,1001100,"(16, 93) - 0","[(94, 86), (154, 142), (206, 176), (207, 210)] - 1100","[(239, 53), (147, 46)] - 10",B
,1001100,"(94, 86) - 1","[(154, 142), (206, 176), (207, 210)] - 100","[(239, 53), (147, 46), (16, 93)] - 100",B
,1001100,"(207, 210) - 0",[] - ,"[(239, 53), (147, 46), (16, 93), (94, 86), (154, 142), (206, 176)] - 100110",B
,1001100,"(239, 53) - 1",[] - ,"[(147, 46), (16, 93), (94, 86), (154, 142), (206, 176), (207, 210)] - 001100",I
,1001100,"(239, 53) - 1","[(94, 86), (154, 142), (206, 176), (207, 210)] - 1100","[(147, 46), (16, 93)] - 00",I
,1001100,"(239, 53) - 1","[(206, 176), (207, 210)] - 00","[(147, 46), (16, 93), (94, 86), (154, 142)] - 0011",I
,1001100,"(147, 46) - 0","[(239, 53), (16, 93), (94, 86), (154, 142), (206, 176), (207, 210)] - 101100",[] - ,I
,1001100,"(147, 46) - 0","[(239, 53)] - 1","[(16, 93), (94, 86), (154, 142), (206, 176), (207, 210)] - 01100",I
,1001100,"(147, 46) - 0","[(239, 53), (94, 86), (154, 142), (206, 176), (207, 210)] - 11100","[(16, 93)] - 0",I
,1001100,"(147, 46) - 0","[(239, 53), (206, 176), (207, 210)] - 100","[(16, 93), (94, 86), (154, 142)] - 011",I
,1001100,"(16, 93) - 0","[(207, 210)] - 0","[(239, 53), (147, 46), (94, 86), (154, 142), (206, 176)] - 10110",I
,1001100,"(16, 93) - 0","[(206, 176), (207, 210)] - 00","[(239, 53), (147, 46), (94, 86), (154, 142)] - 1011",I
,1001100,"(16, 93) - 0","[(154, 142), (206, 176), (207, 210)] - 100","[(239, 53), (147, 46), (94, 86)] - 101",I
,1001100,"(154, 142) - 1","[(206, 176), (207, 210)] - 00","[(239, 53), (147, 46), (16, 93), (94, 86)] - 1001",I
,1001100,"(206, 176) - 0","[(207, 210)] - 0","[(239, 53), (147, 46), (16, 93), (94, 86), (154, 142)] - 10011",I
,1010001,"(239, 53) - 1","[(16, 93), (94, 86), (154, 142), (206, 176), (207, 210)] - 10001","[(147, 46)] - 0",B
,1010001,"(239, 53) - 1","[(154, 142), (206, 176), (207, 210)] - 001","[(147, 46), (16, 93), (94, 86)] - 010",B
,1010001,"(147, 46) - 0","[(239, 53), (206, 176)] - 10","[(16, 93), (94, 86), (154, 142), (207, 210)] - 1001",B
,1010001,"(147, 46) - 0","[(239, 53), (154, 142), (206, 176), (207, 210)] - 1001","[(16, 93), (94, 86)] - 10",B
,1010001,"(16, 93) - 1","[(154, 142), (206, 176), (207, 210)] - 001","[(239, 53), (147, 46), (94, 86)] - 100",B
,1010001,"(154, 142) - 0","[(206, 176), (207, 210)] - 01","[(239, 53), (147, 46), (16, 93), (94, 86)] - 1010",B
,1010001,"(239, 53) - 1",[] - ,"[(147, 46), (16, 93), (94, 86), (154, 142), (206, 176), (207, 210)] - 010001",I
,1010001,"(239, 53) - 1","[(207, 210)] - 1","[(147, 46), (16, 93), (94, 86), (154, 142), (206, 176)] - 01000",I
,1010001,"(239, 53) - 1","[(94, 86), (154, 142), (206, 176), (207, 210)] - 0001","[(147, 46), (16, 93)] - 01",I
,1010001,"(239, 53) - 1","[(206, 176), (207, 210)] - 01","[(147, 46), (16, 93), (94, 86), (154, 142)] - 0100",I
,1010001,"(147, 46) - 0","[(239, 53), (16, 93), (94, 86), (154, 142), (206, 176), (207, 210)] - 110001",[] - ,I
,1010001,"(147, 46) - 0","[(239, 53)] - 1","[(16, 93), (94, 86), (154, 142), (206, 176), (207, 210)] - 10001",I
,1010001,"(147, 46) - 0","[(239, 53), (94, 86), (154, 142), (206, 176), (207, 210)] - 10001","[(16, 93)] - 1",I
,1010001,"(147, 46) - 0","[(239, 53), (206, 176), (207, 210)] - 101","[(16, 93), (94, 86), (154, 142)] - 100",I
,1010001,"(16, 93) - 1",[] - ,"[(239, 53), (147, 46), (94, 86), (154, 142), (206, 176), (207, 210)] - 100001",I
,1010001,"(16, 93) - 1","[(207, 210)] - 1","[(239, 53), (147, 46), (94, 86), (154, 142), (206, 176)] - 10000",I
,1010001,"(16, 93) - 1","[(94, 86), (154, 142), (206, 176), (207, 210)] - 0001","[(239, 53), (147, 46)] - 10",I
,1010001,"(16, 93) - 1","[(206, 176), (207, 210)] - 01","[(239, 53), (147, 46), (94, 86), (154, 142)] - 1000",I
,1010001,"(94, 86) - 0","[(154, 142), (206, 176), (207, 210)] - 001","[(239, 53), (147, 46), (16, 93)] - 101",I
,1010001,"(206, 176) - 0","[(207, 210)] - 1","[(239, 53), (147, 46), (16, 93), (94, 86), (154, 142)] - 10100",I
,1010001,"(207, 210) - 1",[] - ,"[(239, 53), (147, 46), (16, 93), (94, 86), (154, 142), (206, 176)] - 101000",I
,1010010,"(239, 53) - 1","[(16, 93), (94, 86), (154, 142), (206, 176), (207, 210)] - 10010","[(147, 46)] - 0",B
,1010010,"(239, 53) - 1","[(207, 210)] - 0","[(147, 46), (16, 93), (94, 86), (154, 142), (206, 176)] - 01001",B
,1010010,"(239, 53) - 1","[(154, 142), (206, 176), (207, 210)] - 010","[(147, 46), (16, 93), (94, 86)] - 010",B
,1010010,"(147, 46) - 0","[(239, 53), (154, 142), (206, 176), (207, 210)] - 1010","[(16, 93), (94, 86)] - 10",B
,1010010,"(16, 93) - 1","[(207, 210)] - 0","[(239, 53), (147, 46), (94, 86), (154, 142), (206, 176)] - 10001",B
,1010010,"(16, 93) - 1","[(154, 142), (206, 176), (207, 210)] - 010","[(239, 53), (147, 46), (94, 86)] - 100",B
,1010010,"(154, 142) - 0","[(206, 176), (207, 210)] - 10","[(239, 53), (147, 46), (16, 93), (94, 86)] - 1010",B
,1010010,"(206, 176) - 1","[(207, 210)] - 0","[(239, 53), (147, 46), (16, 93), (94, 86), (154, 142)] - 10100",B
,1010010,"(207, 210) - 0",[] - ,"[(239, 53), (147, 46), (16, 93), (94, 86), (154, 142), (206, 176)] - 101001",B
,1010010,"(239, 53) - 1",[] - ,"[(147, 46), (16, 93), (94, 86), (154, 142), (206, 176), (207, 210)] - 010010",I
,1010010,"(239, 53) - 1","[(94, 86), (154, 142), (206, 176), (207, 210)] - 0010","[(147, 46), (16, 93)] - 01",I
,1010010,"(239, 53) - 1","[(206, 176), (207, 210)] - 10","[(147, 46), (16, 93), (94, 86), (154, 142)] - 0100",I
,1010010,"(147, 46) - 0","[(239, 53), (16, 93), (94, 86), (154, 142), (206, 176), (207, 210)] - 110010",[] - ,I
,1010010,"(147, 46) - 0","[(239, 53)] - 1","[(16, 93), (94, 86), (154, 142), (206, 176), (207, 210)] - 10010",I
,1010010,"(147, 46) - 0","[(239, 53), (94, 86), (154, 142), (206, 176), (207, 210)] - 10010","[(16, 93)] - 1",I
,1010010,"(147, 46) - 0","[(239, 53), (206, 176)] - 11","[(16, 93), (94, 86), (154, 142), (207, 210)] - 1000",I
,1010010,"(147, 46) - 0","[(239, 53), (206, 176), (207, 210)] - 110","[(16, 93), (94, 86), (154, 142)] - 100",I
,1010010,"(16, 93) - 1",[] - ,"[(239, 53), (147, 46), (94, 86), (154, 142), (206, 176), (207, 210)] - 100010",I
,1010010,"(16, 93) - 1","[(94, 86), (154, 142), (206, 176), (207, 210)] - 0010","[(239, 53), (147, 46)] - 10",I
,1010010,"(16, 93) - 1","[(206, 176), (207, 210)] - 10","[(239, 53), (147, 46), (94, 86), (154, 142)] - 1000",I
,1010010,"(94, 86) - 0","[(154, 142), (206, 176), (207, 210)] - 010","[(239, 53), (147, 46), (16, 93)] - 101",I
,1010100,"(239, 53) - 1","[(16, 93), (94, 86), (154, 142), (206, 176), (207, 210)] - 10100","[(147, 46)] - 0",B
,1010100,"(239, 53) - 1","[(207, 210)] - 0","[(147, 46), (16, 93), (94, 86), (154, 142), (206, 176)] - 01010",B
,1010100,"(239, 53) - 1","[(154, 142), (206, 176), (207, 210)] - 100","[(147, 46), (16, 93), (94, 86)] - 010",B
,1010100,"(147, 46) - 0","[(239, 53), (206, 176)] - 10","[(16, 93), (94, 86), (154, 142), (207, 210)] - 1010",B
,1010100,"(147, 46) - 0","[(239, 53), (154, 142), (206, 176), (207, 210)] - 1100","[(16, 93), (94, 86)] - 10",B
,1010100,"(16, 93) - 1","[(207, 210)] - 0","[(239, 53), (147, 46), (94, 86), (154, 142), (206, 176)] - 10010",B
,1010100,"(16, 93) - 1","[(154, 142), (206, 176), (207, 210)] - 100","[(239, 53), (147, 46), (94, 86)] - 100",B
,1010100,"(207, 210) - 0",[] - ,"[(239, 53), (147, 46), (16, 93), (94, 86), (154, 142), (206, 176)] - 101010",B
"(207, 210)",1010100,"(239, 53) - 1",[] - ,"[(147, 46), (16, 93), (94, 86), (154, 142), (206, 176), (207, 210)] - 010100",I
,1010100,"(239, 53) - 1","[(94, 86), (154, 142), (206, 176), (207, 210)] - 0100","[(147, 46), (16, 93)] - 01",I
,1010100,"(239, 53) - 1","[(206, 176), (207, 210)] - 00","[(147, 46), (16, 93), (94, 86), (154, 142)] - 0101",I
,1010100,"(147, 46) - 0","[(239, 53), (16, 93), (94, 86), (154, 142), (206, 176), (207, 210)] - 110100",[] - ,I
,1010100,"(147, 46) - 0","[(239, 53)] - 1","[(16, 93), (94, 86), (154, 142), (206, 176), (207, 210)] - 10100",I
,1010100,"(147, 46) - 0","[(239, 53), (94, 86), (154, 142), (206, 176), (207, 210)] - 10100","[(16, 93)] - 1",I
,1010100,"(147, 46) - 0","[(239, 53), (206, 176), (207, 210)] - 100","[(16, 93), (94, 86), (154, 142)] - 101",I
,1010100,"(16, 93) - 1",[] - ,"[(239, 53), (147, 46), (94, 86), (154, 142), (206, 176), (207, 210)] - 100100",I
,1010100,"(16, 93) - 1","[(94, 86), (154, 142), (206, 176), (207, 210)] - 0100","[(239, 53), (147, 46)] - 10",I
,1010100,"(16, 93) - 1","[(206, 176), (207, 210)] - 00","[(239, 53), (147, 46), (94, 86), (154, 142)] - 1001",I
,1010100,"(94, 86) - 0","[(154, 142), (206, 176), (207, 210)] - 100","[(239, 53), (147, 46), (16, 93)] - 101",I
,1010100,"(154, 142) - 1","[(206, 176), (207, 210)] - 00","[(239, 53), (147, 46), (16, 93), (94, 86)] - 1010",I
,1010100,"(206, 176) - 0","[(207, 210)] - 0","[(239, 53), (147, 46), (16, 93), (94, 86), (154, 142)] - 10101",I
,1011000,"(239, 53) - 1","[(16, 93), (94, 86), (154, 142), (206, 176), (207, 210)] - 11000","[(147, 46)] - 0",B
,1011000,"(239, 53) - 1","[(207, 210)] - 0","[(147, 46), (16, 93), (94, 86), (154, 142), (206, 176)] - 01100",B
,1011000,"(147, 46) - 0","[(239, 53), (206, 176)] - 10","[(16, 93), (94, 86), (154, 142), (207, 210)] - 1100",B
,1011000,"(16, 93) - 1","[(207, 210)] - 0","[(239, 53), (147, 46), (94, 86), (154, 142), (206, 176)] - 10100",B
,1011000,"(207, 210) - 0",[] - ,"[(239, 53), (147, 46), (16, 93), (94, 86), (154, 142), (206, 176)] - 101100",B
"(206, 176)",1011000,"(239, 53) - 1",[] - ,"[(147, 46), (16, 93), (94, 86), (154, 142), (206, 176), (207, 210)] - 011000",I
,1011000,"(239, 53) - 1","[(94, 86), (154, 142), (206, 176), (207, 210)] - 1000","[(147, 46), (16, 93)] - 01",I
,1011000,"(239, 53) - 1","[(206, 176), (207, 210)] - 00","[(147, 46), (16, 93), (94, 86), (154, 142)] - 0110",I
,1011000,"(239, 53) - 1","[(154, 142), (206, 176), (207, 210)] - 000","[(147, 46), (16, 93), (94, 86)] - 011",I
,1011000,"(147, 46) - 0","[(239, 53), (16, 93), (94, 86), (154, 142), (206, 176), (207, 210)] - 111000",[] - ,I
,1011000,"(147, 46) - 0","[(239, 53)] - 1","[(16, 93), (94, 86), (154, 142), (206, 176), (207, 210)] - 11000",I
,1011000,"(147, 46) - 0","[(239, 53), (94, 86), (154, 142), (206, 176), (207, 210)] - 11000","[(16, 93)] - 1",I
,1011000,"(147, 46) - 0","[(239, 53), (154, 142), (206, 176), (207, 210)] - 1000","[(16, 93), (94, 86)] - 11",I
,1011000,"(147, 46) - 0","[(239, 53), (206, 176), (207, 210)] - 100","[(16, 93), (94, 86), (154, 142)] - 110",I
,1011000,"(16, 93) - 1",[] - ,"[(239, 53), (147, 46), (94, 86), (154, 142), (206, 176), (207, 210)] - 101000",I
,1011000,"(16, 93) - 1","[(94, 86), (154, 142), (206, 176), (207, 210)] - 1000","[(239, 53), (147, 46)] - 10",I
,1011000,"(16, 93) - 1","[(206, 176), (207, 210)] - 00","[(239, 53), (147, 46), (94, 86), (154, 142)] - 1010",I
,1011000,"(16, 93) - 1","[(154, 142), (206, 176), (207, 210)] - 000","[(239, 53), (147, 46), (94, 86)] - 101",I
,1011000,"(94, 86) - 1","[(154, 142), (206, 176), (207, 210)] - 000","[(239, 53), (147, 46), (16, 93)] - 101",I
,1011000,"(154, 142) - 0","[(206, 176), (207, 210)] - 00","[(239, 53), (147, 46), (16, 93), (94, 86)] - 1011",I
,1011000,"(206, 176) - 0","[(207, 210)] - 0","[(239, 53), (147, 46), (16, 93), (94, 86), (154, 142)] - 10110",I
,1100001,"(239, 53) - 1","[(154, 142), (206, 176), (207, 210)] - 001","[(147, 46), (16, 93), (94, 86)] - 100",B
,1100001,"(147, 46) - 1","[(239, 53), (94, 86), (154, 142), (206, 176), (207, 210)] - 10001","[(16, 93)] - 0",B
,1100001,"(16, 93) - 0",[] - ,"[(239, 53), (147, 46), (94, 86), (154, 142), (206, 176), (207, 210)] - 110001",B
,1100001,"(16, 93) - 0","[(206, 176), (207, 210)] - 01","[(239, 53), (147, 46), (94, 86), (154, 142)] - 1100",B
,1100001,"(154, 142) - 0","[(206, 176), (207, 210)] - 01","[(239, 53), (147, 46), (16, 93), (94, 86)] - 1100",B
"(154, 142)",1100001,"(239, 53) - 1",[] - ,"[(147, 46), (16, 93), (94, 86), (154, 142), (206, 176), (207, 210)] - 100001",I
,1100001,"(239, 53) - 1","[(16, 93), (94, 86), (154, 142), (206, 176), (207, 210)] - 00001","[(147, 46)] - 1",I
,1100001,"(239, 53) - 1","[(207, 210)] - 1","[(147, 46), (16, 93), (94, 86), (154, 142), (206, 176)] - 10000",I
,1100001,"(239, 53) - 1","[(94, 86), (154, 142), (206, 176), (207, 210)] - 0001","[(147, 46), (16, 93)] - 10",I
,1100001,"(239, 53) - 1","[(206, 176), (207, 210)] - 01","[(147, 46), (16, 93), (94, 86), (154, 142)] - 1000",I
,1100001,"(147, 46) - 1","[(239, 53), (16, 93), (94, 86), (154, 142), (206, 176), (207, 210)] - 100001",[] - ,I
,1100001,"(147, 46) - 1","[(239, 53)] - 1","[(16, 93), (94, 86), (154, 142), (206, 176), (207, 210)] - 00001",I
,1100001,"(147, 46) - 1","[(239, 53), (206, 176)] - 10","[(16, 93), (94, 86), (154, 142), (207, 210)] - 0001",I
,1100001,"(147, 46) - 1","[(239, 53), (154, 142), (206, 176), (207, 210)] - 1001","[(16, 93), (94, 86)] - 00",I
,1100001,"(147, 46) - 1","[(239, 53), (206, 176), (207, 210)] - 101","[(16, 93), (94, 86), (154, 142)] - 000",I
,1100001,"(16, 93) - 0","[(207, 210)] - 1","[(239, 53), (147, 46), (94, 86), (154, 142), (206, 176)] - 11000",I
,1100001,"(16, 93) - 0","[(94, 86), (154, 142), (206, 176), (207, 210)] - 0001","[(239, 53), (147, 46)] - 11",I
,1100001,"(16, 93) - 0","[(154, 142), (206, 176), (207, 210)] - 001","[(239, 53), (147, 46), (94, 86)] - 110",I
,1100001,"(94, 86) - 0","[(154, 142), (206, 176), (207, 210)] - 001","[(239, 53), (147, 46), (16, 93)] - 110",I
,1100001,"(206, 176) - 0","[(207, 210)] - 1","[(239, 53), (147, 46), (16, 93), (94, 86), (154, 142)] - 11000",I
,1100001,"(207, 210) - 1",[] - ,"[(239, 53), (147, 46), (16, 93), (94, 86), (154, 142), (206, 176)] - 110000",I
,1100010,"(239, 53) - 1","[(207, 210)] - 0","[(147, 46), (16, 93), (94, 86), (154, 142), (206, 176)] - 10001",B
,1100010,"(239, 53) - 1","[(154, 142), (206, 176), (207, 210)] - 010","[(147, 46), (16, 93), (94, 86)] - 100",B
,1100010,"(147, 46) - 1","[(239, 53), (94, 86), (154, 142), (206, 176), (207, 210)] - 10010","[(16, 93)] - 0",B
,1100010,"(16, 93) - 0",[] - ,"[(239, 53), (147, 46), (94, 86), (154, 142), (206, 176), (207, 210)] - 110010",B
,1100010,"(16, 93) - 0","[(206, 176), (207, 210)] - 10","[(239, 53), (147, 46), (94, 86), (154, 142)] - 1100",B
,1100010,"(154, 142) - 0","[(206, 176), (207, 210)] - 10","[(239, 53), (147, 46), (16, 93), (94, 86)] - 1100",B
,1100010,"(206, 176) - 1","[(207, 210)] - 0","[(239, 53), (147, 46), (16, 93), (94, 86), (154, 142)] - 11000",B
,1100010,"(207, 210) - 0",[] - ,"[(239, 53), (147, 46), (16, 93), (94, 86), (154, 142), (206, 176)] - 110001",B
"(94, 86)",1100010,"(239, 53) - 1",[] - ,"[(147, 46), (16, 93), (94, 86), (154, 142), (206, 176), (207, 210)] - 100010",I
,1100010,"(239, 53) - 1","[(16, 93), (94, 86), (154, 142), (206, 176), (207, 210)] - 00010","[(147, 46)] - 1",I
,1100010,"(239, 53) - 1","[(94, 86), (154, 142), (206, 176), (207, 210)] - 0010","[(147, 46), (16, 93)] - 10",I
,1100010,"(239, 53) - 1","[(206, 176), (207, 210)] - 10","[(147, 46), (16, 93), (94, 86), (154, 142)] - 1000",I
,1100010,"(147, 46) - 1","[(239, 53), (16, 93), (94, 86), (154, 142), (206, 176), (207, 210)] - 100010",[] - ,I
,1100010,"(147, 46) - 1","[(239, 53)] - 1","[(16, 93), (94, 86), (154, 142), (206, 176), (207, 210)] - 00010",I
,1100010,"(147, 46) - 1","[(239, 53), (206, 176)] - 11","[(16, 93), (94, 86), (154, 142), (207, 210)] - 0000",I
,1100010,"(147, 46) - 1","[(239, 53), (154, 142), (206, 176), (207, 210)] - 1010","[(16, 93), (94, 86)] - 00",I
,1100010,"(147, 46) - 1","[(239, 53), (206, 176), (207, 210)] - 110","[(16, 93), (94, 86), (154, 142)] - 000",I
,1100010,"(16, 93) - 0","[(207, 210)] - 0","[(239, 53), (147, 46), (94, 86), (154, 142), (206, 176)] - 11001",I
,1100010,"(16, 93) - 0","[(94, 86), (154, 142), (206, 176), (207, 210)] - 0010","[(239, 53), (147, 46)] - 11",I
,1100010,"(16, 93) - 0","[(154, 142), (206, 176), (207, 210)] - 010","[(239, 53), (147, 46), (94, 86)] - 110",I
,1100010,"(94, 86) - 0","[(154, 142), (206, 176), (207, 210)] - 010","[(239, 53), (147, 46), (16, 93)] - 110",I
,1100100,"(239, 53) - 1","[(207, 210)] - 0","[(147, 46), (16, 93), (94, 86), (154, 142), (206, 176)] - 10010",B
,1100100,"(239, 53) - 1","[(154, 142), (206, 176), (207, 210)] - 100","[(147, 46), (16, 93), (94, 86)] - 100",B
,1100100,"(147, 46) - 1","[(239, 53), (94, 86), (154, 142), (206, 176), (207, 210)] - 10100","[(16, 93)] - 0",B
,1100100,"(147, 46) - 1","[(239, 53), (206, 176), (207, 210)] - 100","[(16, 93), (94, 86), (154, 142)] - 001",B
,1100100,"(16, 93) - 0",[] - ,"[(239, 53), (147, 46), (94, 86), (154, 142), (206, 176), (207, 210)] - 110100",B
,1100100,"(207, 210) - 0",[] - ,"[(239, 53), (147, 46), (16, 93), (94, 86), (154, 142), (206, 176)] - 110010",B
"(16, 93)",1100100,"(239, 53) - 1",[] - ,"[(147, 46), (16, 93), (94, 86), (154, 142), (206, 176), (207, 210)] - 100100",I
,1100100,"(239, 53) - 1","[(16, 93), (94, 86), (154, 142), (206, 176), (207, 210)] - 00100","[(147, 46)] - 1",I
,1100100,"(239, 53) - 1","[(94, 86), (154, 142), (206, 176), (207, 210)] - 0100","[(147, 46), (16, 93)] - 10",I
,1100100,"(239, 53) - 1","[(206, 176), (207, 210)] - 00","[(147, 46), (16, 93), (94, 86), (154, 142)] - 1001",I
,1100100,"(147, 46) - 1","[(239, 53), (16, 93), (94, 86), (154, 142), (206, 176), (207, 210)] - 100100",[] - ,I
,1100100,"(147, 46) - 1","[(239, 53)] - 1","[(16, 93), (94, 86), (154, 142), (206, 176), (207, 210)] - 00100",I
,1100100,"(147, 46) - 1","[(239, 53), (206, 176)] - 10","[(16, 93), (94, 86), (154, 142), (207, 210)] - 0010",I
,1100100,"(147, 46) - 1","[(239, 53), (154, 142), (206, 176), (207, 210)] - 1100","[(16, 93), (94, 86)] - 00",I
,1100100,"(16, 93) - 0","[(207, 210)] - 0","[(239, 53), (147, 46), (94, 86), (154, 142), (206, 176)] - 11010",I
,1100100,"(16, 93) - 0","[(94, 86), (154, 142), (206, 176), (207, 210)] - 0100","[(239, 53), (147, 46)] - 11",I
,1100100,"(16, 93) - 0","[(206, 176), (207, 210)] - 00","[(239, 53), (147, 46), (94, 86), (154, 142)] - 1101",I
,1100100,"(16, 93) - 0","[(154, 142), (206, 176), (207, 210)] - 100","[(239, 53), (147, 46), (94, 86)] - 110",I
,1100100,"(94, 86) - 0","[(154, 142), (206, 176), (207, 210)] - 100","[(239, 53), (147, 46), (16, 93)] - 110",I
,1100100,"(154, 142) - 1","[(206, 176), (207, 210)] - 00","[(239, 53), (147, 46), (16, 93), (94, 86)] - 1100",I
,1100100,"(206, 176) - 0","[(207, 210)] - 0","[(239, 53), (147, 46), (16, 93), (94, 86), (154, 142)] - 11001",I
,1101000,"(239, 53) - 1","[(207, 210)] - 0","[(147, 46), (16, 93), (94, 86), (154, 142), (206, 176)] - 10100",B
,1101000,"(147, 46) - 1","[(239, 53), (94, 86), (154, 142), (206, 176), (207, 210)] - 11000","[(16, 93)] - 0",B
,1101000,"(147, 46) - 1","[(239, 53), (206, 176), (207, 210)] - 100","[(16, 93), (94, 86), (154, 142)] - 010",B
,1101000,"(16, 93) - 0",[] - ,"[(239, 53), (147, 46), (94, 86), (154, 142), (206, 176), (207, 210)] - 111000",B
,1101000,"(207, 210) - 0",[] - ,"[(239, 53), (147, 46), (16, 93), (94, 86), (154, 142), (206, 176)] - 110100",B
"(147, 46)",1101000,"(239, 53) - 1",[] - ,"[(147, 46), (16, 93), (94, 86), (154, 142), (206, 176), (207, 210)] - 101000",I
,1101000,"(239, 53) - 1","[(16, 93), (94, 86), (154, 142), (206, 176), (207, 210)] - 01000","[(147, 46)] - 1",I
,1101000,"(239, 53) - 1","[(94, 86), (154, 142), (206, 176), (207, 210)] - 1000","[(147, 46), (16, 93)] - 10",I
,1101000,"(239, 53) - 1","[(206, 176), (207, 210)] - 00","[(147, 46), (16, 93), (94, 86), (154, 142)] - 1010",I
,1101000,"(239, 53) - 1","[(154, 142), (206, 176), (207, 210)] - 000","[(147, 46), (16, 93), (94, 86)] - 101",I
,1101000,"(147, 46) - 1","[(239, 53), (16, 93), (94, 86), (154, 142), (206, 176), (207, 210)] - 101000",[] - ,I
,1101000,"(147, 46) - 1","[(239, 53)] - 1","[(16, 93), (94, 86), (154, 142), (206, 176), (207, 210)] - 01000",I
,1101000,"(147, 46) - 1","[(239, 53), (206, 176)] - 10","[(16, 93), (94, 86), (154, 142), (207, 210)] - 0100",I
,1101000,"(147, 46) - 1","[(239, 53), (154, 142), (206, 176), (207, 210)] - 1000","[(16, 93), (94, 86)] - 01",I
,1101000,"(16, 93) - 0","[(207, 210)] - 0","[(239, 53), (147, 46), (94, 86), (154, 142), (206, 176)] - 11100",I
,1101000,"(16, 93) - 0","[(94, 86), (154, 142), (206, 176), (207, 210)] - 1000","[(239, 53), (147, 46)] - 11",I
,1101000,"(16, 93) - 0","[(206, 176), (207, 210)] - 00","[(239, 53), (147, 46), (94, 86), (154, 142)] - 1110",I
,1101000,"(16, 93) - 0","[(154, 142), (206, 176), (207, 210)] - 000","[(239, 53), (147, 46), (94, 86)] - 111",I
,1101000,"(94, 86) - 1","[(154, 142), (206, 176), (207, 210)] - 000","[(239, 53), (147, 46), (16, 93)] - 110",I
,1101000,"(154, 142) - 0","[(206, 176), (207, 210)] - 00","[(239, 53), (147, 46), (16, 93), (94, 86)] - 1101",I
,1101000,"(206, 176) - 0","[(207, 210)] - 0","[(239, 53), (147, 46), (16, 93), (94, 86), (154, 142)] - 11010",I
,1110000,"(239, 53) - 1","[(207, 210)] - 0","[(147, 46), (16, 93), (94, 86), (154, 142), (206, 176)] - 11000",B
,1110000,"(147, 46) - 1","[(239, 53), (206, 176), (207, 210)] - 100","[(16, 93), (94, 86), (154, 142)] - 100",B
,1110000,"(16, 93) - 1","[(207, 210)] - 0","[(239, 53), (147, 46), (94, 86), (154, 142), (206, 176)] - 11000",B
,1110000,"(207, 210) - 0",[] - ,"[(239, 53), (147, 46), (16, 93), (94, 86), (154, 142), (206, 176)] - 111000",B
"(239, 53)",1110000,"(239, 53) - 1",[] - ,"[(147, 46), (16, 93), (94, 86), (154, 142), (206, 176), (207, 210)] - 110000",I
,1110000,"(239, 53) - 1","[(16, 93), (94, 86), (154, 142), (206, 176), (207, 210)] - 10000","[(147, 46)] - 1",I
,1110000,"(239, 53) - 1","[(94, 86), (154, 142), (206, 176), (207, 210)] - 0000","[(147, 46), (16, 93)] - 11",I
,1110000,"(239, 53) - 1","[(206, 176), (207, 210)] - 00","[(147, 46), (16, 93), (94, 86), (154, 142)] - 1100",I
,1110000,"(239, 53) - 1","[(154, 142), (206, 176), (207, 210)] - 000","[(147, 46), (16, 93), (94, 86)] - 110",I
,1110000,"(147, 46) - 1","[(239, 53), (16, 93), (94, 86), (154, 142), (206, 176), (207, 210)] - 110000",[] - ,I
,1110000,"(147, 46) - 1","[(239, 53)] - 1","[(16, 93), (94, 86), (154, 142), (206, 176), (207, 210)] - 10000",I
,1110000,"(147, 46) - 1","[(239, 53), (94, 86), (154, 142), (206, 176), (207, 210)] - 10000","[(16, 93)] - 1",I
,1110000,"(147, 46) - 1","[(239, 53), (206, 176)] - 10","[(16, 93), (94, 86), (154, 142), (207, 210)] - 1000",I
,1110000,"(147, 46) - 1","[(239, 53), (154, 142), (206, 176), (207, 210)] - 1000","[(16, 93), (94, 86)] - 10",I
,1110000,"(16, 93) - 1",[] - ,"[(239, 53), (147, 46), (94, 86), (154, 142), (206, 176), (207, 210)] - 110000",I
,1110000,"(16, 93) - 1","[(94, 86), (154, 142), (206, 176), (207, 210)] - 0000","[(239, 53), (147, 46)] - 11",I
,1110000,"(16, 93) - 1","[(206, 176), (207, 210)] - 00","[(239, 53), (147, 46), (94, 86), (154, 142)] - 1100",I
,1110000,"(16, 93) - 1","[(154, 142), (206, 176), (207, 210)] - 000","[(239, 53), (147, 46), (94, 86)] - 110",I
,1110000,"(94, 86) - 0","[(154, 142), (206, 176), (207, 210)] - 000","[(239, 53), (147, 46), (16, 93)] - 111",I
,1110000,"(154, 142) - 0","[(206, 176), (207, 210)] - 00","[(239, 53), (147, 46), (16, 93), (94, 86)] - 1110",I
,1110000,"(206, 176) - 0","[(207, 210)] - 0","[(239, 53), (147, 46), (16, 93), (94, 86), (154, 142)] - 11100",I
